label,clean_message
0,go jurong point crazy available bugis n great world la e buffet cine got amore wat
0,ok lar joking wif u oni
1,free entry number wkly comp win fa cup final tkts number st may number text fa number receive entry question std txt rate c apply number number
0,u dun say early hor u c already say
0,nah think goes usf lives around though
1,freemsg hey darling number week word back like fun still tb ok xxx std chgs send number number rcv
0,even brother like speak treat like aids patent
0,per request melle melle oru minnaminunginte nurungu vettam set callertune callers press number copy friends callertune
1,winner valued network customer selected receivea number prize reward claim call number claim code kl number valid number hours
1,mobile number months u r entitled update latest colour mobiles camera free call mobile update co free number
0,gonna home soon want talk stuff anymore tonight k cried enough today
1,six chances win cash number number number pounds txt csh number send number cost number p day number days number tsandcs apply reply hl number info
1,urgent number week free membership number number prize jackpot txt word claim number c url lccltd pobox number ldnw number number rw number
0,searching right words thank breather promise wont take help granted fulfil promise wonderful blessing times
0,date sunday
1,xxxmobilemovieclub use credit click wap link next txt message click url xxxmobilemovieclub com n qjkgighjjgcbl
0,oh k watching
0,eh u remember number spell name yes v naughty make v wet
0,fine way u feel way gota b
1,england v macedonia dont miss goals team news txt ur national team number eg england number try wales scotland number txt number number poboxox number w number wq number
0,seriously spell name
0,going try number months ha ha joking
0,pay first lar da stock comin
0,aft finish lunch go str lor ard number smth lor u finish ur lunch already
0,ffffffffff alright way meet sooner
0,forced eat slice really hungry tho sucks mark getting worried knows sick turn pizza lol
0,lol always convincing
0,catch bus frying egg make tea eating mom left dinner feel love
0,back amp packing car let know room
0,ahhh work vaguely remember feel like lol
0,wait still clear sure sarcastic x want live us
0,yeah got number v apologetic n fallen actin like spoilt child got caught till number go badly cheers
0,k tell anything
0,fear fainting housework quick cuppa
1,thanks subscription ringtone uk mobile charged number month please confirm replying yes reply charged
0,yup ok go home look timings msg xuhui going learn number nd may lesson number
0,oops let know roommate done
0,see letter b car
0,anything lor u decide
0,hello saturday go texting see decided anything tomo trying invite anything
0,pls go ahead watts wanted sure great weekend abiola
0,forget tell want need crave love sweet arabian steed mmmmmm yummy
1,number rodger burns msg tried call reply sms free nokia mobile free camcorder please call number delivery tomorrow
0,seeing
0,great hope like man well endowed lt gt inches
0,calls messages missed calls
0,get hep b immunisation nigeria
0,fair enough anything going
0,yeah hopefully tyler could maybe ask around bit
0,u know stubborn even want go hospital kept telling mark weak sucker hospitals weak suckers
0,thinked first time saw class
0,gram usually runs like lt gt half eighth smarter though gets almost whole second gram lt gt
0,k fyi x ride early tomorrow morning crashing place tonight
0,wow never realized embarassed accomodations thought liked since best could always seemed happy cave sorry give sorry offered sorry room embarassing
1,sms ac sptv new jersey devils detroit red wings play ice hockey correct incorrect end reply end sptv
0,know mallika sherawat yesterday find lt url gt
1,congrats number year special cinema pass number call number c suprman v matrix number starwars number etc number free bx number ip number number number pm dont miss
0,sorry call later meeting
0,tell reached
0,yes gauti sehwag odi series
0,gonna pick number burger way home even move pain killing
0,ha ha ha good joke girls situation seekers
0,part checking iq
0,sorry roommates took forever ok come
0,ok lar double check wif da hair dresser already said wun cut v short said cut look nice
1,valued customer pleased advise following recent review mob awarded number bonus prize call number
0,today song dedicated day song u dedicate send ur valuable frnds first rply
1,urgent ur awarded complimentary trip eurodisinc trav aco entry number number claim txt dis number number number number morefrmmob shracomorsglsuplt number ls number aj
1,hear new divorce barbie comes ken stuff
0,plane give month end
0,wah lucky man save money hee
0,finished class
0,hi babe im home wanna something xx
0,k k performed
0,u call
0,waiting machan call free
0,thats cool gentleman treat dignity respect
0,like peoples much shy pa
0,operate lt gt
0,still looking job much ta earn
0,sorry call later
0,k call ah
0,ok way home hi hi
0,place man
0,yup next stop
0,call later network urgnt sms
0,real u getting yo need number tickets one jacket done already used multis
0,yes started send requests make pain came back back bed double coins factory gotta cash nitros
0,really still tonight babe
0,ela kano il download come wen ur free
0,yeah stand close tho catch something
0,sorry pain ok meet another night spent late afternoon casualty means done stuff number moro includes time sheets sorry
0,smile pleasure smile pain smile trouble pours like rain smile sum number hurts u smile becoz someone still loves see u smiling
1,please call customer service representative number number number pm guaranteed number cash number prize
0,havent planning buy later check already lido got number show e afternoon u finish work already
1,free ringtone waiting collected simply text password mix number verify get usher britney fml
0,watching telugu movie wat abt u
0,see finish loads loans pay
0,hi wk ok hols yes bit run forgot hairdressers appointment four need get home n shower beforehand cause prob u ham
0,please text anymore nothing else say
0,okay name ur price long legal wen pick u ave x ams xx
0,still looking car buy gone number driving test yet
0,wow right mean guess gave boston men changed search location nyc something changed cuz signin page still says boston
0,umma life vava umma love lot dear
0,thanks lot wishes birthday thanks making birthday truly memorable
0,aight hit get cash
0,would ip address test considering computer minecraft server
0,know grumpy old people mom like better lying always one play jokes
0,dont worry guess busy
0,plural noun research
0,going dinner msg
0,ok wif cos like number try new things scared u dun like mah cos u said loud
1,gent trying contact last weekends draw shows number prize guaranteed call number claim code k number valid number hrs number ppm
0,wa ur openin sentence formal anyway fine juz tt eatin much n puttin weight haha anythin special happened
0,entered cabin pa said happy b day boss felt special askd number lunch lunch invited apartment went
1,winner u specially selected number receive number number holiday flights inc speak live operator number claim number p min number
0,goodo yes must speak friday egg potato ratio tortilla needed
0,hmm uncle informed paying school directly pls buy food
1,private number account statement number shows number unredeemed bonus points claim call number identifier code number expires
1,urgent mobile awarded number bonus caller prize number number number final try contact u call landline number box number wr number c number ppm
0,new address apples pairs malarky
1,todays voda numbers ending number selected receive number award match please call number quoting claim code number standard rates app
0,going sao mu today done number
0,predict wat time finish buying
0,good stuff
0,know yetunde sent money yet sent text bother sending dont involve anything imposed anything first place apologise
0,room
0,hey girl r u hope u r well del r bak long time c give call sum time lucyxx
0,k k much cost
0,home
0,dear call tmorrow pls accomodate
0,first answer question
1,sunshine quiz wkly q win top sony dvd player u know country algarve txt ansr number number number sp tyrone
1,want number get laid tonight want real dogging locations sent direct number ur mob join uk largest dogging network bt txting gravel number nt ec number email
0,haf msn email
0,call meet
0,check rooms befor activities
1,rcv msgs chat svc free hardcore services text go number u get nothing u must age verify yr network try
0,got c lazy type forgot lect saw pouch like v nice
0,k text way
0,sir waiting mail
0,swt thought nver get tired little things number lovable persons coz somtimes little things occupy biggest part hearts gud ni number
0,know pls open back
0,yes see ya dot
0,whats staff name taking class us
1,freemsg replied text randy sexy female live local luv hear u netcollex ltd number p per msg reply stop end
0,ummma call check life begin qatar pls pray hard
0,k deleted contact
0,sindu got job birla soft
0,wine flowing nevering
0,yup thk cine better cos need number go number plaza mah
0,ok ur typical reply
0,everywhere dirt floor windows even shirt sometimes open mouth comes flowing dream world without half chores time joy lots tv shows see guess like things must exist like rain hail mist time done become one
0,aaooooright work
0,leaving house
0,hello love get interview today happy good boy think missing
1,customer service annoncement new years delivery waiting please call number arrange delivery
1,winner u specially selected number receive number cash number holiday flights inc speak live operator number claim number
0,keep safe need miss already envy everyone see real life
0,new car house parents new job hand
0,love excited day spend make happy
1,pls stop bootydelious number f inviting friend reply yes number number see url stop send stop frnd number
1,bangbabes ur order way u receive service msg number download ur content u goto wap bangb tv ur mobile internet service menu
0,place ur points e cultures module already
1,urgent trying contact last weekends draw shows number prize guaranteed call number claim code number valid number hrs
0,hi frnd best way avoid missunderstding wit beloved one
0,great escape fancy bridge needs lager see tomo
0,yes completely form clark also utter waste
0,sir need axis bank account bank address
0,hmmm thk sure got time hop ard ya go number free abt muz call u discuss liao
0,time coming later
0,bloody hell cant believe forgot surname mr ill give u clue spanish begins
0,well gonna finish bath good fine night
0,let know got money carlos make call
0,u still going mall
0,turns friends staying whole show back til lt gt feel free go ahead smoke lt gt worth
0,text doesnt reply let know log
0,hi spoke maneesha v like know satisfied experience reply toll free yes
0,lifted hopes offer money need especially end month approaches hurts studying anyways gr number weekend
0,lol u trust
0,ok gentleman treat dignity respect
0,guys close
0,going nothing great bye
0,hello handsome finding job lazy working towards getting back net mummy boytoy miss
0,haha awesome minute
1,please call customer service representative freephone number number number pm guaranteed number cash number prize
0,got xmas radio times get
0,jus reached home go bathe first sis using net tell u finishes k
1,unique enough find number th august url
0,sorry joined league people dont keep touch mean great deal friend times even great personal cost great week
0,hi finally completed course
0,stop however suggest stays someone able give ors every stool
0,hope settled new school year wishin gr number day
0,gud mrng dear hav nice day
0,u got persons story
0,hamster dead hey tmr meet number pm orchard mrt
0,hi kate evening hope see tomorrow bit bloody babyjontet txt back u xxx
0,found enc lt gt
0,sent lt gt bucks
0,hello darlin ive finished college txt u finish u love kate xxx
0,account refilled successfully inr lt decimal gt keralacircle prepaid account balance rs lt decimal gt transaction id kr lt gt
0,goodmorning sleeping ga
0,u call alter number ok
0,say like dat dun buy ericsson oso cannot oredi lar
0,aight yo dats straight dogg
0,please give us connection today lt decimal gt refund bill
0,shoot big loads get ready
0,bruv hope great break rewarding semester
0,home always chat
0,k k good study well
0,yup noe leh
0,sounds great home
0,finally match heading towards draw prediction
0,tired slept well past nights
0,easy ah sen got selected means good
0,take exam march number
0,yeah think use gt atm register sure anyway help let know sure ready
0,ok prob take ur time
0,os called ubandu run without installing hard disk use os copy important files system give repair shop
0,u say leh course nothing happen lar say v romantic jus bit lor thk e nite scenery nice leh
1,number new mobiles number must go txt nokia number collect today number url number optout number number gbp mtmsg number
0,would really appreciate call need someone talk
1,u meet ur dream partner soon ur career number flyng start number find free txt horo followed ur star sign e g horo aries
0,hey company elama po mudyadhu
0,life strict teacher bcoz teacher teaches lesson amp conducts exam life first conducts exam amp teaches lessons happy morning
0,dear good morning
0,get gandhipuram walk cross cut road right side lt gt street road turn first right
0,dear going rubber place
0,sorry battery died yeah
0,yes tv always available work place
1,text meet someone sexy today u find date even flirt u join number number p reply name age eg sam number number msg email pence
0,printed oh lt gt come upstairs
0,ill little closer like bus stop street
0,wil reach
0,new theory argument wins situation loses person dont argue ur friends kick amp say always correct
1,u number secret admirer looking number make contact u find r reveal thinks ur special call number
0,tomarrow final hearing laptop case cant
0,pleassssssseeeeee tel v avent done sportsx
0,okay shining meant signing sounds better
0,although told u dat baig face watches really like e watch u gave cos fr u thanx number everything dat u done today touched
0,u remember old commercial
0,late said website dont slippers
0,asked call ok
0,kallis wont bat number nd innings
0,didnt work oh ok goodnight fix ready time wake dearly missed good night sleep
1,congratulations ur awarded number cd vouchers number gift guaranteed free entry number wkly draw txt music number tncs url
0,ranjith cal drpd deeraj deepak number min hold
0,wen ur lovable bcums angry wid u dnt take seriously coz angry childish n true way showing deep affection care n luv kettoda manda nice day da
0,
0,ups number days also shipping company takes number wks way usps takes week gets lag may bribe nipost get stuff
0,back lemme know ready
0,necessarily expect done get back though headin
0,mmm yummy babe nice jolt suzy
0,lover need
1,tried contact reply offer video handset number anytime networks mins unlimited text camcorder reply call number
0,parked next mini coming today think
0,yup
0,anyway going shopping cos sis done yet dun disturb u liao
0,luton number ring ur around h
1,hey really horny want chat see naked text hot number text charged number pm unsubscribe text stop number
0,dint come us
0,wana plan trip sometme
0,sure yet still trying get hold
1,ur ringtone service changed number free credits go club number mobiles com choose content stop txt club stop number number p wk club number po box number mk number wt
0,evo download flash jealous
1,ringtone club get uk singles chart mobile week choose top quality ringtone message free charge
0,come mu sorting narcotics situation
0,night ended another day morning come special way may smile like sunny rays leaves worries blue blue bay
1,hmv bonus special number pounds genuine hmv vouchers answer number easy questions play send hmv number info url
0,usf guess might well take number car
0,objection bf coming
0,thanx
0,tell rob mack gf theater
0,awesome see bit
0,sent type food like
0,done handed celebrations full swing yet
0,got called tool
0,wen u miss someone
0,ok asked money far
0,okie
0,yeah think usual guy still passed last night get ahold anybody let know throw
0,k might come tonight class lets early
0,ok
0,hi baby im cruisin girl friend r u number give call hour home thats alright fone fone love jenny xxx
0,life means lot love life love people life world calls friends call world ge
0,dear shall mail tonite busy street shall update tonite things looking ok varunnathu edukkukayee raksha ollu good one real sense
0,hey told name gautham ah
0,haf u found feel stupid da v cam working
0,oops number got bit
0,much buzy
0,accidentally deleted message resend please
1,mobile customer may claim free camera phone upgrade pay go sim card loyalty call number offer ends number thfeb c apply
0,unless situation go gurl would appropriate
0,hurt tease make cry end life die plz keep one rose grave say stupid miss u nice day bslvyl
0,cant pick phone right pls send message
0,need coffee run tomo believe time week already
0,awesome remember last time got somebody high first time diesel v
0,shit really shocking scary cant imagine second def night u think somewhere could crash night save taxi
0,oh way food fridge want go meal tonight
0,womdarfull actor
1,sms ac blind date number u rodds number number aberdeen united kingdom check url sms ac w icmb number cktz number r number number blind dates send hide
0,yup remb think book
0,jos ask u wana meet
0,lol yes friendship hanging thread cause u buy stuff
1,themob check newest selection content games tones gossip babes sport keep mobile fit funky text wap number
0,garage keys bookshelf
0,today accept day u accept brother sister lover dear number best number clos number lvblefrnd jstfrnd cutefrnd lifpartnr belovd swtheart bstfrnd rply means enemy
1,think ur smart win number week weekly quiz text play number cs winnersclub po box number number uz number gbp number number week
0,says give call friend got money definitely buying end week
0,hi way u number day normal way real ur unique hope know u number rest mylife hope u find wot lost
0,made day great day
0,k k advance happy pongal
0,hmmm guess go number kb n power yoga haha dunno tahan power yoga anot thk got lo oso forgot liao
0,really dude friends afraid
1,december mobile number mths entitled update latest colour camera mobile free call mobile update co free number
0,coffee cake guess
0,merry christmas babe love ya kisses
0,hey dont go watch x men lunch haha
0,cud u tell ppl im gona b bit l number cos number buses hav gon past cos full im still waitin number pete x
0,would great guild could meet bristol road somewhere get touch weekend plans take flight good week
0,problem
0,hi da todays class
0,say good sign well know track record reading women
0,cool text parked
0,reading text sent meant joke read light
0,k k apo k good movie
0,maybe could get book tomo return immediately something
1,call germany number pence per minute call fixed line via access number prepayment direct access
0,chance might evaporated soon violated privacy stealing phone number employer paperwork cool please contact report supervisor
1,valentines day special win number quiz take partner trip lifetime send go number number p msg rcvd custcare number
0,ta daaaaa home babe still
0,cool come havent wined dined
0,sleeping surfing
0,u calling right call hand phone
0,ok great thanx lot
0,take post come must number texts happy reading one wiv hello caroline end favourite bless
0,u hiding stranger
0,interested like
0,sister cleared two round birla soft yesterday
0,gudnite tc practice going
0,dis yijue jus saw ur mail case huiming havent sent u num dis num
0,one small prestige problem
1,fancy shag interested sextextuk com txt xxuk suzy number txts cost number number per msg tncs website x
0,checking really miss seeing jeremiah great month
0,nah help never iphone
0,car hour half going apeshit
0,today sorry day ever angry ever misbehaved hurt plz plz slap urself bcoz ur fault basically good
0,yo guys ever figure much need alcohol jay trying figure much safely spend weed
0,lt gt ish minutes number minutes ago wtf
0,thank calling forgot say happy onam sirji fine remembered met insurance person meet qatar insha allah rakhesh ex tata aig joined tissco tayseer
1,ur cash balance currently number pounds maximize ur cash send cash number number p msg cc number hg suite number number lands row w number j number hl
0,actor work work evening sleep late since unemployed moment always sleep late unemployed every day saturday
0,hello got st andrews boy long way cold keep posted
0,ha ha cool cool chikku chikku db
0,oh ok prob
0,check audrey status right
0,busy trying finish new year looking forward finally meeting
0,good afternoon sunshine dawns day refreshed happy alive breathe air smile think love always
0,well know z take care worries
1,update xmas offer latest motorola sonyericsson nokia free bluetooth double mins number txt orange call mobileupd number number call number optout f number q
1,discount code rp number stop messages reply stop url customer services number
0,wat uniform get
0,cool text ready
0,hello boytoy geeee miss already woke wish bed cuddling love
0,spoil bed well
0,going bath msg next lt gt min
0,cant keep talking people sure pay agree price pls tell want really buy much willing pay
1,thanks ringtone order reference number charged gbp number per week unsubscribe anytime calling customer services number
0,say happen
0,could seen recognise face
0,well lot things happening lindsay new years sighs bars ptbo blue heron something going
0,keep payasam rinu brings
0,taught ranjith sir called sms like becaus hes verifying project prabu told today pa dont mistake
0,guess worried must know way body repairs quite sure worry take slow first tests guide ovulation relax nothing said reason worry keep followin
0,yeah sure give couple minutes track wallet
0,hey leave big deal take care
0,hey late ah meet number
1,double mins txts number months free bluetooth orange available sony nokia motorola phones call mobileupd number number call number optout n number dx
0,took mr owl number licks
0,customer place call
0,mm time dont like fun
1,number mths half price orange line rental latest camera phones number free phone number mths call mobilesdirect free number update number stoptxt
0,yup lunch buffet u eat already
0,huh late fr dinner
0,hey sat going intro pilates kickboxing
0,morning ok
0,yes think office lap room think thats last days didnt shut
0,pick bout number number ish time going
0,performance award calculated every two month current one month period
0,actually sleeping still might u call back text gr number rock sis send u text wen wake
0,always putting business put pictures ass facebook one open people ever met would think picture room would hurt make feel violated
0,good evening sir al salam wahleykkum sharing happy news grace god got offer tayseer tissco joined hope fine inshah allah meet sometime rakhesh visitor india
0,hmmm k want change field quickly da wanna get system administrator network administrator
1,free ringtone text first number poly text get number true tone help number number st free tones number x number pw e nd txt stop
0,dear chechi talk
0,hair cream shipped
0,none happening til get though
0,yep great loxahatchee xmas tree burning lt gt starts hour
0,haha get used driving usf man know lot stoners
0,well slightly disastrous class pm fav darlings hope day ok coffee wld good stay late tomorrow time place always
0,hello good week fancy drink something later
0,headin towards busetop
0,message text missing sender name missing number missing sent date missing missing u lot thats everything missing sent via fullonsms com
0,come room point iron plan weekend
0,cos want thing
0,okies go yan jiu skip ard oso go cine den go mrt one blah blah blah
0,bring home wendy
1,number dating service cal l number box number sk number ch
0,whatsup dont u want sleep
0,alright new goal
1,free entry number weekly competition text word win number number c url
0,alright head minutes text meet
1,send logo number ur lover number names joined heart txt love name number name number mobno eg love adam eve number number yahoo pobox number w number wq txtno number ads number p
0,yes last week taking live call
1,someone contacted dating service entered phone fancy find call landline number pobox number n number tf number p
0,siva hostel aha
1,urgent mobile number awarded number prize guaranteed call number land line claim number valid number hrs
0,send ur friends receive something ur voice speaking expression number childish number naughty number sentiment number rowdy number ful attitude number romantic number shy number attractive number funny lt gt irritating lt gt lovable reply
0,ok ok guess
0,aathi dear
0,pain urination thing else
0,number esplanade mind giving lift cos got car today
0,wnt buy bmw car urgently vry urgent hv shortage lt gt lacs source arng dis amt lt gt lacs thats prob
0,home watching tv lor
0,usually take fifteen fucking minutes respond yes question
1,congrats nokia number video camera phone call number calls cost number ppm ave call number mins vary mobiles number close number post bcm number ldn wc number n number xx
0,booked ticket pongal
0,available like right around hillsborough amp lt gt th
0,message sent askin lt gt dollars shoul pay lt gt lt gt
0,ask g iouri told story like ten times already
0,long applebees fucking take
0,hi hope u get txt journey hasnt gd number mins late think
0,like love arrange
0,yes really great bhaji told kallis best cricketer sachin world tough get
0,supposed wake gt
0,oic saw tot din c found group liao
0,hey hey werethe monkeespeople say monkeyaround howdy gorgeous
0,sorry battery died come getting gram place
0,well done blimey exercise yeah kinda remember wot hmm
0,wont get concentration dear know mind everything
0,lol made plans new years
0,number min later k
0,hanks lotsly
0,thanks hope good day today
0,k k detail want transfer acc enough
0,ok tell stay yeah tough optimistic things improve month
1,loan purpose number number number homeowners tenants welcome previously refused still help call free number text back help
0,si si think ill go make oreo truffles
0,look amy ure beautiful intelligent woman like u lot know u like like worry
0,hope result consistently intelligent kind start asking practicum links keep ears open best ttyl
0,number number call cost guess isnt bad miss ya need ya want ya love ya
0,going thru different feeling wavering decisions coping individual time heal everything believe
0,u go phone gonna die stay
0,great never better day gives even reasons thank god
1,upgrdcentre orange customer may claim free camera phone upgrade loyalty call number offer ends number th july c apply opt available
0,sorry call later ok bye
0,ok way railway
0,great princess love giving receiving oral doggy style fave position enjoy making love lt gt times per night
0,put stuff roads keep getting slippery
0,going ride bike
0,yup need jus wait number e rain number stop
0,many company tell language
1,okmail dear dave final notice collect number tenerife holiday number cash award call number landline tcs sae box number cw number wx number ppm
0,long since screamed princess
0,nothing meant money enters account bank remove flat rate someone transfered lt gt account lt gt dollars got removed banks differ charges also differ sure trust number ja person sending account details cos
1,want number get laid tonight want real dogging locations sent direct number ur mob join uk largest dogging network txting moan number nyt ec number email
0,nice line said broken heart plz cum number times infront wise trust u good number
0,ok gonna head usf like fifteen minutes
0,love aathi love u lot
0,tension ah machi problem
0,k pick another number th done
0,guys getting back g said thinking staying mcr
0,almost see u sec
0,yo carlos friends already asking working weekend
0,watching tv lor
0,thank baby cant wait taste real thing
0,change fb jaykwon thuglyfe falconerf
0,win really number side long time
1,free message activate number free text messages replying message word free terms conditions visit url
0,dear reached railway happen
0,depends quality want type sent boye faded glory number want ralphs maybe number
0,think fixed send test message
0,sorry man account dry would want could trade back half could buy shit credit card
1,congrats number year special cinema pass number call number c suprman v matrix number starwars number etc number free bx number ip number number number pm dont miss
0,sorry meeting call later
0,class lt gt reunion
0,free call
0,got meh
0,nope think go monday sorry replied late
0,told accenture confirm true
0,kate jackson rec center number ish right
0,dear reache room
0,fighting world easy u either win lose bt fightng number close u dificult u lose u lose u win u still lose
0,come
0,check nuerologist
0,lolnice went fish water
1,number congratulations week competition draw u number prize claim call number b number cs stop sms number number number ppm
0,waiting e car dat bored wat cos wait outside got nothing number home stuff watch tv wat
0,maybe westshore hyde park village place near house
0,know anthony bringing money school fees pay rent stuff like thats need help friend need
0,significance
0,opinion number number jada number kusruthi number lovable number silent number spl character number matured number stylish number simple pls reply
0,number latest g still scrounge ammo want give new ak try
0,prabha soryda realy frm heart sory
0,lol ok forgiven
0,jst change tat
1,guaranteed latest nokia phone number gb ipod mp number player number prize txt word collect number ibhltd ldnw number h number p mtmsgrcvd number
0,competition
1,boltblue tones number p reply poly mono eg poly number cha cha slide number yeah number slow jamz number toxic number come stop number tones txt
1,credits topped url renewal pin tgxxrz
0,way transport less problematic sat night way u want ask n join bday feel free need know definite nos booking fri
0,usually person unconscious children adults may behave abnormally call
0,ebay might less elsewhere
0,shall come get pickle
0,gonna go get tacos
0,rude campus
1,urgent mobile awarded number number bonus caller prize number number number number nd attempt contact call number number number box number qu
0,hi b ard number christmas enjoy n merry x mas
1,today offer claim ur number worth discount vouchers text yes number savamob member offers mobile cs number number number sub number unsub reply x
0,yes pretty lady like single
1,recieve tone within next number hrs terms conditions please see channel u teletext pg number
0,jay says double faggot
1,private number account statement number shows number un redeemed points call number identifier code number expires number number number
0,today sunday sunday holiday work
0,late
0,called hoping l number r malaria know miss guys miss bani big pls give love especially great day
0,good afternoon love goes day hope maybe got leads job think boytoy send passionate kiss across sea
0,probably gonna see later tonight lt
0,maybe fat fingers press buttons know
0,ummmmmaah many many happy returns day dear sweet heart happy birthday dear
0,tirupur da started office call
1,url email max number month csc web age number stop txt stop
0,famous quote develop ability listen anything unconditionally without losing temper self confidence means married
0,going college pa else ill come self pa
0,number oclock mine bash flat plan
0,girl stay bed girl need recovery time id rather pass fun cooped bed
0,special
0,know need get hotel got invitation apologise cali sweet come english bloke weddin
0,sorry took long omw
0,wait lt gt min
0,ok give number minutes think see btw alibi cutting hair whole time
0,imagine finally get sink bath put paces maybe even eat left also imagine feel cage cock surrounded bath water reminding always owns enjoy cuck
0,hurry weed deficient like three days
0,sure get acknowledgement astoundingly tactless generally faggy demand blood oath fo
0,ok every night take warm bath drink cup milk see work magic still need loose weight know
0,look frying pan case cheap book perhaps silly frying pan likely book
0,well uv causes mutations sunscreen like essential thesedays
0,lunch online
0,know friend already told
0,hi princess thank pics pretty
0,aiyo u always c ex one dunno abt mei reply first time u reply fast lucky workin huh got bao ur sugardad ah gee
0,hi msg office
0,thanx number e brownie v nice
0,geeeee love much barely stand
1,gent trying contact last weekends draw shows number prize guaranteed call number claim code k number valid number hrs number ppm
0,fuck babe miss already know let send money towards net need want crave
0,ill call u number mrw ninish address icky american freek wont stop callin number bad jen k eh
0,oooh bed ridden ey thinking
0,anyways go gym whatever love smiles hope ok good day babe miss much already
0,love daddy make scream pleasure going slap ass dick
0,wot u wanna missy
0,yar lor wait number mum number finish sch lunch lor whole morning stay home clean room room quite clean hee
0,know lab goggles went
0,open door
0,waiting call
0,nope waiting sch number daddy
1,number number cash number number prize claim call number
0,tired arguing week week want
0,wait number sch finish ard number
1,mobile number number claim calls us back ring claims hot line number
0,arngd marriage u r walkin unfortuntly snake bites u bt love marriage dancing frnt snake amp sayin bite bite
0,huh early dinner outside izzit
0,ok anyway need change said
1,tried contact reply offer number mins number textand new video phone call number reply free delivery tomorrow
0,ex wife able kids want kids one day
0,scotland hope showing jjc tendencies take care live dream
0,tell u headache want use number hour sick time
0,dun thk quit yet hmmm go jazz yogasana oso go meet em lessons den
0,pete please ring meive hardly gotany credit
0,ya srsly better yi tho
0,meeting call later
1,ur chance win number wkly shopping spree txt shop number c url custcare number number x number p wk
1,specially selected receive number pound award call number lines close cost number ppm number cs apply ag promo
1,private number account statement number shows number un redeemed points call number identifier code number expires number number number
0,still grand prix
0,met stranger choose friend long world stands friendship never ends lets friends forever gud nitz
0,great
0,gud mrng dear nice day
1,important customer service announcement call freephone number
0,exhausted train morning much wine pie sleep well
0,going buy mum present ar
0,mind blastin tsunamis occur rajnikant stopped swimming indian ocean
0,u sending home first ok lor ready yet
0,speaking cash yet
0,happy come noon
0,meet lunch la
0,take care n get well soon
1,email number morow number number soiree speciale zouk nichols paris free roses number ladies info number number
0,meant say cant wait see u getting bored bridgwater banter
0,neva mind ok
0,fine imma get drink somethin want come find
1,number days kick euro number u kept date latest news results daily removed send get txt stop number
0,valentine game send dis msg ur friends number answers r someone really loves u ques colour suits best rply
0,many dependents
0,thanx number today cer nice number catch ave number find time often oh well take care c u soon c
0,called said choose future
0,happy valentines day know early hundreds handsomes beauties wish thought finish aunties uncles number st
0,like v shock leh cos telling shuhui like telling leona also like dat almost know liao got ask abt ur reaction lor
0,family happiness
0,come n pick come immediately aft ur lesson
0,let snow let snow kind weather brings ppl together friendships grow
0,dear got lt gt dollars hi hi
0,good words words may leave u dismay many times
0,make sure alex knows birthday fifteen minutes far concerned
0,sorry got things may pub later
0,nah straight bring bud drinks something actually little useful straight cash
0,haha good hear officially paid market number th
0,many licks take get center tootsie pop
0,yup thk r e teacher said make face look longer darren ask number cut short
1,new textbuddy chat number horny guys ur area number number p free number receive search postcode gaytextbuddy com txt one name number
1,todays vodafone numbers ending number selected receive number award number matches call number receive number award
0,please dont say like hi hi hi
0,thank u
0,oh forwarded message thought send
0,got seventeen pounds seven hundred ml hope ok
1,dear voucher holder number claim weeks offer pc go url ts cs apply number stop texts txt stop number
0,n funny
0,sweetheart hope kind day one loads reasons smile biola
0,login dat time dad fetching home
0,shower baby
0,askd u question hours answer
0,well imma definitely need restock thanksgiving let know
0,said kiss kiss sound effects gorgeous man kind person needs smile brighten day
0,probably gonna swing wee bit
0,ya nice ready thursday
0,allo braved buses taken trains triumphed mean b ham jolly good rest week
0,watching cartoon listening music amp eve go temple amp church u
0,mind ask happened dont say uncomfortable
1,private number account statement shows number un redeemed points call number identifier code number expires number number number
0,prob send email
1,number number cash number number prize claim call number c rstm sw number ss number ppm
0,thats cool sometimes slow gentle sonetimes rough hard
0,gonna say sorry would normal starting panic time sorry seeing tuesday
0,wait know wesleys town bet hella drugs
0,fine miss much
0,tell drug dealer getting impatient
0,sun cant come earth send luv rays cloud cant come river send luv rain cant come meet u send care msg u gud evng
0,doesnt make sense take unless free need know wikipedia com
1,number number premium phone services call number
0,sea lays rock rock envelope envelope paper paper number words
0,mum repent
0,sorry going home first daddy come fetch later
0,leave de start prepare next
0,yes baby study positions kama sutra
0,en chikku nange bakra msg kalstiya tea coffee
0,carlos minute still need buy
0,pay lt decimal gt lakhs
0,good evening ttyl
0,u receive msg
0,ho ho big belly laugh see ya tomo
1,sms ac sun number posts hello seem cool
1,get ur number st ringtone free reply msg tone gr number top number tones phone every week number number per wk number opt send stop number
0,ditto worry saying anything anymore like said last night whatever want peace
0,got lt gt way could pick
0,dont knw pa drink milk
0,maybe say hi find got card great escape wetherspoons
0,piggy r u awake bet u still sleeping going number lunch
0,cause freaky lol
0,missed call cause yelling scrappy miss u wait u come home lonely today
0,hex place talk explain
0,log number wat sdryb number
0,xy going number e lunch
1,hi sue number years old work lapdancer love sex text live bedroom text sue number textoperator g number da number ppmsg number
0,wanted ask wait number finish lect cos lect finishes hour anyway
0,finished work yet
0,every king crying baby every great building map imprtant u r today u wil reach tomorw gud ni number
0,dear cherthala case u r coming cochin pls call bfore u start shall also reach accordingly tell day u r coming tmorow engaged ans holiday
0,thanks love torch bold
1,forwarded number please call number immediately urgent message waiting
0,farm open
0,sorry trouble u buy number dad number number number number big number small sat n sun thanx
0,sister law hope great month saying hey abiola
0,purchase stuff today mail po box number
0,ah poop looks like ill prob send laptop get fixed cuz gpu problem
0,good good job like entrepreneurs
0,aight close still around alex place
0,meet corporation st outside gap see mind working
0,mum ask buy food home
0,k u also dont msg reply msg
0,much r willing pay
0,important prevent dehydration giving enough fluids
0,thats bit weird even supposed happening good idea sure pub
0,true dear sat pray evening felt sms time
0,think get away trek long family town sorry
0,wanna gym harri
0,quite late lar ard number anyway wun b drivin
1,review keep fantastic nokia n gage game deck club nokia go number url unsubscribe alerts reply word
1,number mths half price orange line rental latest camera phones number free phone number mths call mobilesdirect free number update number stoptxt cs
0,height confidence aeronautics professors wer calld amp wer askd number sit aeroplane aftr sat wer told dat plane ws made students dey hurried plane bt number didnt move said made students
0,seems like weird timing night g want come smoke day shitstorm attributed always coming making everyone smoke
1,number number number pm cost number p
0,save stress person dorm account send account details money sent
0,also knows lunch menu da know
0,stuff sell tell
1,number urgent number nd attempt contact u u number call number b number csbcm number wc number n number xx callcost number ppm mobilesvary max number number
0,book lesson msg call work sth going get specs membership px number
1,guaranteed number cash number prize claim yr prize call customer service representative number number number pm
0,macha dont feel upset assume mindset believe one evening wonderful plans us let life begin call anytime
0,oh send address
0,fine anytime best
0,wondar full flim
0,ya even cookies jelly
0,world running still maybe feeling admit mad correction let call life keep running world may u r also running lets run
0,got looks scrumptious daddy wants eat night long
0,cos lar ba dao ok number pm lor u never ask go ah said u would ask fri said u ask today
0,alright omw gotta change order half number th
0,exactly anyways far jide study visiting
0,dunno u ask
1,email alertfrom jeri stewartsize number kbsubject low cost prescripiton drvgsto listen email call number
0,spring coming early yay
0,lol feel bad use money take steak dinner
0,even u dont get trouble convincing tel twice tel neglect msgs dont c read dont reply
0,leaving qatar tonite search opportunity went fast pls add ur prayers dear rakhesh
0,one talking
0,thanks looking really appreciate
1,hi customer loyalty offer new nokia number mobile number txtauction txt word start number get number ctxt tc number p mtmsg
0,wish
0,haha mayb u rite u know well da feeling liked someone gd lor u faster go find one gals group attached liao
0,yes glad made
0,well little time thing good times ahead
0,got room soon put clocks back til number shouted everyone get realised number wahay another hour bed
0,ok may free gym
0,men like shorter ladies gaze eyes
0,dunno jus say go lido time number
0,promise take good care princess run please send pics get chance ttyl
1,u subscribed best mobile content service uk number per number days send stop number helpline number
0,reason spoken year anyways great week best exam
0,monday next week give full gist
1,realize number years thousands old ladies running around tattoos
1,important customer service announcement premier
0,dont gimme lip caveboy
0,get library
0,realy sorry recognise number confused r u please
0,didnt holla
0,cant think anyone spare room top head
0,faith makes things possible hope makes things work love makes things beautiful may three christmas merry christmas
0,u made appointment
0,call carlos phone vibrate acting might hear texts
1,romantic paris number nights number flights number book number next year call number ts cs apply
0,grandmas oh dear u still ill felt shit morning think hungover another night leave sat
1,urgent ur number guaranteed award still unclaimed call number closingdate number number number claimcode number number number number pmmorefrommobile number bremoved mobypobox number ls number yf
0,nothing jus tot u would ask cos u ba gua went mt faber yest yest jus went already mah today going jus call lor
0,wishing family merry x mas happy new year advance
1,ur awarded city break could win number summer shopping spree every wk txt store number skilgme tscs number winawk age number number number perwksub
0,nt goin got somethin unless meetin number dinner lor haha wonder go tis time
0,lol know dramatic schools already closed tomorrow apparently drive inch snow supposed get
0,getting anywhere damn job hunting
0,lol u drunkard hair moment yeah still number tonight wats plan
0,idc get weaseling way shit twice row
0,wil lt gt minutes got space
0,thanks picking trash
0,go tell friend sure want live smokes much spend hours begging come smoke
0,hi kate lovely see tonight ill phone tomorrow got sing guy gave card xxx
0,happy new year dear brother really miss got number decided send text wishing happiness abiola
0,means get door
0,hmmm thought said number hours slave number late punish
0,beerage
1,important customer service announcement premier call freephone number
0,dont think turns like randomlly within number min opening
0,supposed make still town though
0,time fixes spelling sometimes gets completely diff word go figure
1,ever thought living good life perfect partner txt back name age join mobile community number p sms
1,number free top polyphonic tones call number national rate get toppoly tune sent every week text subpoly number number per pole unsub number
0,hoping enjoyed game yesterday sorry touch pls know fondly bein thot great week abiola
0,e best number ur driving tmr
0,u dogbreath sounding like jan c al
0,omg want scream weighed lost weight woohoo
0,generally one uncountable noun u dictionary pieces research
0,really getting hanging around
1,orange customer may claim free camera phone upgrade loyalty call number offer ends number thmarch c apply opt availa
0,petey boy whereare friendsare thekingshead come canlove nic
0,ok msg u b number leave house
0,gimme lt gt minutes ago
1,last chance claim ur number worth discount vouchers today text shop number savamob offers mobile cs savamob pobox number number uz number number sub number
0,appt lt time gt fault u listen told u twice
1,free number st week number nokia tone number ur mobile every week txt nokia number get txting tell ur mates url pobox number w number wq number norm number p tone
1,guaranteed number award even number cashto claim ur award call free number number number stop getstop number php rg number jx
0,k number
0,dled number imp
0,sure make sure knows smokin yet
0,boooo always work quit
0,taking half day leave bec well
0,ugh wanna get bed warm
0,nervous lt gt
0,ring comes guys costumes gift future yowifes hint hint
1,congratulations ur awarded either number cd gift vouchers free entry number number weekly draw txt music number tncs url
0,borrow ur bag ok
1,u outbid simonwatson number shinco dvd plyr number bid visit sms ac smsrewards number end bid notifications reply end
0,boytoy miss happened
0,lots used ones babe model help youi bring match
0,also bringing galileo dobby
0,responding
0,boo babe u enjoyin yourjob u seemed number b gettin well hunny hope ure ok take care llspeak number u soonlots loveme xxxx
0,good afternoon starshine boytoy crave yet ache fuck sips cappuccino miss babe teasing kiss
0,road cant txt
1,smsservices yourinclusive text credits pls goto url login number qxj number unsubscribe stop extra charge help number comuk number cm number ae
1,number p number alfie moon children need song ur mob tell ur number txt tone charity number nokias poly charity polys zed number profit number charity
0,hmm bits pieces lol sighs
0,hahaha use brain dear
0,hey got mail
0,sorry light turned green meant another friend wanted lt gt worth may around
0,thanks yesterday sir wonderful hope enjoyed burial mojibiola
1,u secret admirer reveal thinks u r special call number opt reply reveal stop number number per msg recd cust care number
0,hi mate rv u hav nice hol message number say hello coz sent u number ages started driving stay roads rvx
1,dear voucher holder claim weeks offer pc please go url ts cs apply stop texts txt stop number
0,thank much skyped wit kz sura didnt get pleasure company hope good given ultimatum oh countin aburo enjoy message sent days ago
0,surely result offer
0,good morning dear great amp successful day
1,want number anytime network mins number text new video phone five pounds per week call number reply delivery tomorrow
0,sir late paying rent past months pay lt gt charge felt would inconsiderate nag something give great cost didnt speak however recession wont able pay charge month hence askin well ahead month end please help thanks
1,tried contact offer new video phone number anytime network mins half price rental camcorder call number reply delivery wed
1,last chance number claim ur number worth discount vouchers text yes number savamob member offers mobile cs number number number sub number remove txt x stop
0,luv u soo much u understand special u r number ring u number morrow luv u xxx
0,pls send comprehensive mail paying much
0,prashanthettan mother passed away last night pray family
1,urgent call number landline complimentary number ibiza holiday number number cash await collection sae cs po box number sk number wp number ppm number
0,k k going
0,meanwhile shit suite xavier decided give us lt gt seconds warning samantha coming playing jay guitar impress shit also think doug realizes live anymore
0,stomach thru much trauma swear eat better lose weight
0,office whats matter msg call break
0,yeah barely enough room two us x many fucking shoes sorry man see later
0,u reach orchard already u wan number go buy tickets first
0,real baby want bring inner tigress
0,da run activate full version da
0,ah poor baby hope urfeeling bettersn luv probthat overdose work hey go careful spk number u sn lots lovejen xxx
0,stop story told returned saying order
1,talk sexy make new friends fall love worlds discreet text dating service text vip number see could meet
0,going take babe
0,hai ana tomarrow coming morning lt decimal gt ill sathy go rto office reply came home
0,spoons okay
0,say somebody named tampa
0,work going min
0,brother genius
0,sorry guess whenever get hold connections maybe hour two text
0,u find time bus coz need sort stuff
0,dude ive seeing lotta corvettes lately
1,congratulations ur awarded either yrs supply cds virgin records mystery gift guaranteed call number ts cs url number number pm approx number mins
0,consider walls bunkers shit important never play peaceful guess place high enough matter
1,private number account statement number xxxxxx shows number un redeemed points call number identifier code number expires number number number
1,hello need posh birds chaps user trial prods champneys put need address dob asap ta r
1,u want xmas number free text messages new video phone half price line rental call free number find
0,well officially philosophical hole u wanna call home ready saved
0,going good problem still need little experience understand american customer voice
0,text drop x
0,ugh long day exhausted want cuddle take nap
0,talk atleast day otherwise miss best friend world shakespeare shesil lt gt
1,shop till u drop either number k number k number cash number travel voucher call number ntt po box cr number bt fixedline cost number ppm mobile vary
0,castor need see something
1,sunshine quiz wkly q win top sony dvd player u know country liverpool played mid week txt ansr number number number sp tyrone
1,u secret admirer looking number make contact u find r reveal thinks ur special call number
1,u secret admirer looking number make contact u find r reveal thinks ur special call number stopsms number
1,reminder downloaded content already paid goto url mymoby tv collect content
0,see knew giving break times woul lead always wanting miss curfew gonna gibe til one midnight movie gonna get til number need come home need getsleep anything need b studdying ear training
0,love give massages use lots baby oil fave position
0,dude go sup
0,yoyyooo u know change permissions drive mac usb flash drive
0,gibbs unsold mike hussey
0,like talk pa able dont know
0,dun cut short leh u dun like ah failed quite sad
0,unbelievable faglord
0,wife knew time murder exactly
0,ask princess
0,great princess thinking
0,nutter cutter ctter cttergg cttargg ctargg ctagg ie
0,ok noe u busy really bored msg u oso dunno wat colour choose number one
0,g class early tomorrow thus trying smoke lt gt
0,superb thought grateful u dont everything u want means u still opportunity happier tomorrow u today
0,hope good week checking
0,used hope agents drop since booked things year whole boston nyc experiment
0,thursday night yeah sure thing work
0,probably money worries things coming due several outstanding invoices work two three months ago
0,possible teach
0,wonder phone battery went dead tell love babe
0,lovely smell bus tobacco
0,getting worried derek taylor already assumed worst
0,hey charles sorry late reply
1,lastest stereophonics marley dizzee racal libertines strokes win nookii games flirt click themob wap bookmark text wap number
0,give plus said grinule greet whenever speak
0,white fudge oreos stores
1,january male sale hot gay chat cheaper call number national rate number number p min cheap number number p min peak stop texts call number number p min
0,love come took long leave zaher got words ym happy see sad left miss
0,sorry hurt
0,feel nauseous pissed eat sweets week cause today planning pig dieting week hungry
0,ok lor early still project meeting
0,call da waiting call
0,could ask carlos could get anybody else chip
0,actually send reminder today wonderful weekend
0,people see msgs think iam addicted msging wrong bcoz know iam addicted sweet friends bslvyl
0,hey gave photo registered driving ah tmr wanna meet yck
0,dont talk ever ok word
0,u wana see
0,way school pls send ashley number
0,shall fine avalarr hollalater
0,went attend another two rounds today still reach home
0,actually deleted old website blogging magicalsongs blogspot com
0,k wait chikku il send aftr lt gt mins
0,diet ate number many slices pizza yesterday ugh always diet
0,k give kvb acc details
0,oh come ah
1,money r lucky winner number claim prize text money number number million give away ppt number x number normal text rate box number w number number jy
0,really sorry b able number friday hope u find alternative hope yr term going ok
0,congratulations ore mo owo wa enjoy wish many happy moments fro wherever go
0,samus shoulders yet
0,time think need know near campus
1,dear matthew please call number landline complimentary number lux tenerife holiday number cash await collection ppm number sae cs box number sk number xh
0,dun wear jeans lor
0,since side fever vomitin
0,k k college
1,urgent call number landline complimentary number tenerife holiday number number cash await collection sae cs box number hp number yf number ppm number
0,better made friday stuffed like pig yesterday feel bleh least writhing pain kind bleh
0,sell tons coins sell coins someone thru paypal voila money back life pockets
0,theyre lots places hospitals medical places safe
1,getting touch folks waiting company txt back name age opt enjoy community number p sms
0,also sorta blown couple times recently id rather text blue looking weed
0,sent scores sophas secondary application schools think thinking applying research cost also contact joke ogunrinde school one less expensive ones
0,cant wait see photos useful
1,ur cash balance currently number pounds maximize ur cash send go number number p msg cc number po box number number tcr w number
0,hey booked kb sat already lessons going ah keep sat night free need meet confirm lodging
0,chk ur belovd ms dict
0,time want come
0,awesome lemme know whenever around
0,shb b ok lor thanx
0,beautiful truth gravity read carefully heart feels light someone feels heavy someone leaves good night
0,also remember get dobby bowl car
1,filthy stories girls waiting
0,sorry c ur msg yar lor poor thing number one night tmr u brand new room number sleep
0,love decision feeling could decide love life would much simpler less magical
0,welp apparently retired
0,sort code acc bank natwest reply confirm sent right person
0,
0,u sure u take sick time
1,urgent trying contact u todays draw shows number prize guaranteed call number land line claim number valid number hrs
0,yo chad gymnastics class wanna take site says christians class full
0,better still catch let ask sell lt gt
0,sure night menu know noon menu
0,u want come back beautiful necklace token heart thats give wife liking see one give dont call wait till come
0,willing go aptitude class
0,wont b number number trying number sort house ok
0,yar lor wan number go c horse racing today mah eat earlier lor ate chicken rice u
0,haha awesome omw back
0,yup thk e shop closes lor
0,account number
0,eh u send wrongly lar
0,hey ad crap nite borin without ya number boggy u boring biatch thanx u wait til nxt time il ave ya
0,ok shall talk
0,dont hesitate know second time weakness like keep notebook eat day anything changed day sure nothing
0,hey pay salary de lt gt
0,another month need chocolate weed alcohol
0,started searching get job days great potential talent
0,reckon need town eightish walk carpark
1,congrats number mobile number g videophones r call number videochat wid mates play java games dload polyph music noline rentl
0,look fuckin time fuck think
0,yo guess dropped
0,carlos says mu lt gt minutes
0,office call lt gt min
0,geeee miss already know think fuck wait till next year together loving kiss
0,yun ah ubi one say wan call tomorrow call number look irene ere got bus number number number number number number ubi cres ubi tech park number ph number st number wkg days n
0,ugh gotta drive back sd la butt sore
0,number th july
0,hi im relaxing time ever get number every day party good night get home tomorrow number ish
0,wan come come lor din c stripes skirt
0,xmas story peace xmas msg love xmas miracle jesus hav blessed month ahead amp wish u merry xmas
0,number
0,change e one next escalator
0,yetunde class run water make ok pls
0,lot happened feels quiet beth aunts charlie working lots helen mo
0,wait number bus stop aft ur lect lar dun c go get car come back n pick
0,aight thanks comin
0,heard abt tat
0,lt gt think say syllabus
0,umma say anything
0,give sec think think
1,panasonic bluetoothhdset free nokia free motorola free doublemins doubletxt orange contract call mobileupd number number call number optout
0,quite know still get hold anyone cud pick bout number number pm see pub
0,poyyarikatur kolathupalayam unjalur post erode dis lt gt
0,dear hero leaving qatar tonite apt opportunity pls keep touch lt email gt kerala
0,lol would mom would fit tell whole family crazy terrible
0,got home babe still awake
0,dunno close oredi v fan
0,buy pizza meat lovers supreme u get pick
0,ya told asking wats matter
0,dear regret cudnt pick call drove frm ctla cochin home left mobile car ente style ishtamayoo happy bakrid
1,free number st week number nokia tone number ur mob every week txt nokia number get txting tell ur mates url pobox number w number wq norm number p tone number
0,shall send exe mail id
0,nope watching tv home going v bored
0,know wait check
0,good afternoon glorious anniversary day sweet j hope finds happy content prey think send teasing kiss across sea coaxing images fond souveniers cougar pen
1,guess somebody know secretly fancies wanna find give us call number landline datebox number essexcm number xn number p min number
0,still tonight
0,may call later pls
0,pattern recently crap weekends
0,sore throat scratches talk
0,yes da plm ur office
0,around still asleep v
0,lol forgot eh yes bring babe
0,good find way
0,use foreign stamps country good lecture
0,yup bathe liao
0,happy new year number man
0,oh mr sheffield wanna play game okay boss nanny give raise give one
0,zoe hit number im fucking shitin il defo try hardest number cum number morow luv u millions lekdog
0,hello baby get back mom setting computer filling belly goes loverboy miss already sighs
0,blankets sufficient thx
0,naughty little thought better flirt flirt n flirt rather loving someone n gettin hurt hurt n hurt gud nyt
0,edison rightly said fool ask questions wise man answer know us speechless viva gm
0,talking thats de wont
0,today going college able atten class
0,class holla later
0,mmm thats better got roast b better drinks number good indian
1,know someone know fancies call number find pobox number ls number hb number p
0,come round
0,number thing change sentence want number concentrate educational career im leaving
1,number flirting txt girl bloke ur name age eg girl zoe number number join get chatting
0,walked hour number c u show care wont u believe im serious
1,number days euro number kickoff u kept informed latest news results daily unsubscribe send get euro stop number
0,available soiree june number rd
0,u noe wat time e place dat sells number closes
0,got another job one hospital data analysis something starts monday sure thesis got finished
0,jay getting really impatient belligerent
0,hiya comin number bristol number st week april les got rudi new yrs eve snoring drunk u bak college yet work sends ink number bath
0,work please call
0,u drive lor
0,ard number like dat
0,tell female v throwing deciding get
1,eastenders tv quiz flower dot compare violet e tulip f lily txt e f number number chance number win number cash wkent number p number
0,working technical support voice process networking field
0,might come kerala number days prepared take leave finalise dont plan travel visit need finish urgent works
0,ok sure time tho sure get library class try see point good eve
1,new local dates area lots new people registered area reply date start number url replys number
0,fine bitch later
0,mum went number dentist
0,free call sir waiting
0,meeting u work tel shall work tomorrow
1,someone u know asked dating service number contact cant guess call number revealed po box number number wu
0,jus finish bathing
0,alright make sure car back tonight
1,urgent trying contact u todays draw shows number prize guaranteed call number land line claim c number valid number hrs
1,dear u invited xchat final attempt contact u txt chat number
0,lul im gettin juicy gossip hospital two nurses talking fat gettin one thinks shes obese oyea
0,aight ill get fb couple minutes
0,oi ami parchi na kicchu kaaj korte iccha korche na phone ta tul na plz plz
0,download clear movies dvd copies
0,yep pretty sculpture
0,convey regards
0,watching surya movie number pm vijay movie pokkiri
0,tell happen dont behave like ok need say
0,u get pic msgs phone
0,send someone else
0,wat makes people dearer de happiness dat u feel u meet de pain u feel u miss dem
0,love start attraction feel need every time around first thing comes thoughts would start day end every time dream love every breath name life happen around life named would cry give happiness take sorrows ready fight anyone love craziest things love proove anyone girl beautiful lady whole planet always singing praises love start making chicken curry end makiing sambar life beautiful get every morning thank god day would like say lot tell later
0,fr ndship like needle clock though v r clock v r nt able number met evn v meet itz number seconds bt v alwys stay conected gud number
0,think spatula hands
0,never nothing
1,awarded sipix digital camera call number landline delivery within number days cs box number number bp number yr warranty number ppm number p p number number
0,goodmorning today late lt decimal gt min
1,win urgent mobile number awarded number prize guaranteed call number land line claim number valid number hrs number ppm
0,please da call mistake side sorry da pls da goto doctor
0,r meeting
0,well weather cali great complexities great need car move freely taxes outrageous great place sad part missing home
0,reached home tired come tomorro
0,ryder unsold gibbs
1,dear subscriber ur draw number number gift voucher b entered receipt correct ans elvis presleys birthday txt answer number
0,fret buy ovulation test strips send wont get til like march send postal address u alright okay
0,gifts trying get throw cliff something
0,ne thing interesting good birthday u wrking nxt started uni today
0,busy come point figure tomorrow
0,yeah go bored depressed sittin waitin phone ring hope wind drops though scary
0,black shirt n blue jeans thk c
0,aiyah sorry lor watch tv watch forgot number check phone
1,message important information number user today lucky day number find log onto url fantastic surprise awaiting
0,hen night going swing
0,good afternoon love goes day woke early online waiting hmmm italian boy online see grins
0,someone smoke every time smoked last two weeks calling texting wanted smoke
0,get headache trying figure u trust math promise
0,first time dhoni rocks
0,ok ill tell company
0,awesome think get number th usf time tonight
0,means still think teju
0,good movie ok leave hourish
0,kallis home ground amla home town durban
0,lets make saturday monday per convenience
0,hey time driving fri go evaluation fri
1,number number number price claim call number
0,going number lunch wif family aft dat go str number orchard lor
1,bored speed dating try speedchat txt speedchat number like em txt swap get new chatter chat number pobox number w number wq number p msg rcd number
0,cancel cheyyamo get money back
1,want number anytime network mins number text new video phone five pounds per week call number reply delivery tomorrow
0,ok ok ok whats ur todays plan
0,good morning princess
0,aiyar sorry lor forgot number tell u
1,taking part mobile survey yesterday number texts number use however wish number get txts send txt number c url number number p
0,tonight mate catching sleep new number way
0,height oh shit situation guy throws luv letter gal falls brothers head whos gay
1,ur hmv quiz cash balance currently number maximize ur cash send hmv number number number p msg
0,check errors difficulties correction
0,howz pain hope u r fine
0,u wake already thanx number e tau sar piah quite nice
0,k need login anything
1,dont forget place many free requests number stchoice co uk wish information call number
0,lol busy
0,u wearing
0,oh usual vijay film different
1,know u u know send chat number let find number p msg rcvd hg suite number number lands row w number j number hl ldn number years
0,good day mine really busy much tomorrow night
0,way send shade stuff wonderful
0,really tot ur paper ended long ago wat u copied jus got use u happy lar still haf number study
1,thank winner notified sms good luck future marketing reply stop number customer services number
0,babe lost
0,ok help ask working tmr
0,driving raining get caught e mrt station lor
0,drop tank
0,said text one time
0,ok go change also
1,number girls many local number u r virgins number r ready number fil ur every sexual need u number fil text cute number number number p
0,u find sitter kaitlyn sick slept day yesterday
0,sorry man accidentally left phone silent last night check til got
0,hey something came last min think wun signing tmr hee
0,adult would learn experience real danger dont like peeps using drugs dont need comment
0,hey veggie pizza
0,yun buying school got offer number plus
0,sure neighbors didnt pick
0,k sent
0,well im computerless time make oreo truffles
0,haha yeah see sec
0,number sir
0,lol hot air balloon
0,ok bus come soon come otherwise tomorrow
0,msgs r time pass silently say thinking u right also making u think least number moment gd nt swt drms shesil
0,yeah probably swing roommate finishes girl
1,got takes number take part wrc rally oz u lucozade energy text rally le number number p see packs lucozade co uk wrc itcould u
0,happy new years melody
0,dun need pick ur gf
0,yay better told number girls either
0,horrible u eat macs eat u forgot abt already rite u take long number reply thk toot b number b prepared wat shall eat
0,say fantastic chance anything need bigger life lift losing number live think would first person number die n v q
0,nw came hme da
0,outside islands head towards hard rock run
0,day class class
0,chennai velachery
0,flippin shit yet
0,k give sec breaking lt gt cstore
0,much bad avoid like
0,yo around got car back
0,annoying
0,goodmorning today late lt gt min
0,point hangin mr right makin u happy
0,come alive better correct good looking figure
0,case guess see campus lodge
0,done
0,come home one last time wont anything trust
0,night worrying appt shame missed girls night quizzes popcorn hair
1,sex ur mobile free sexy pic jordan text babe number every wk get sexy celeb pocketbabe co uk number pics number number wk number
0,ok c ya
1,number new voicemail please call number
0,said matter mind saying matter
0,al moan n e thin goes wrong fault al de arguments r fault fed himso bother hav number go thanx xx
0,neft transaction reference number lt gt rs lt decimal gt credited beneficiary account lt gt lt time gt lt gt
0,otherwise part time job na tuition
0,know called
0,also da feel yesterday night wait til number day night dear
0,thanks understanding trying tell sura
1,win year supply cds number store ur choice worth number enter number weekly draw txt music number ts cs url
0,whole car appreciated last two dad map reading semi argument apart things going ok p
1,sim subscriber selected receive bonus get delivered door txt word ok number claim number p msg exp number apr
0,need strong arms
0,also maaaan missing
0,bday real april
0,guessin gonna number
0,ok come ur home half hour
0,yo game almost want go walmart soon
0,yeah probably sure ilol let u know personally wuldnt bother ur goin mite well
0,text creepy like think forgot
0,would good phone tomo lunchtime shall organise something
1,number new voicemail please call number
0,damn make tonight want wait til tomorrow
0,k k also fine complete course
0,true passable get high score apply phd get number years salary makes life easier
1,number nokia tone number ur mob every week txt nok number number st tone free get txtin tell ur friends number p tone number reply hl number info
0,prakesh know
0,teach apps da come college
0,rofl betta invest anti aging products
0,sir receive account another number hr time sorry delay
1,reply name address receive post weeks completely free accommodation various global locations url ph number p
0,submitting da project tmr rite
1,free entry number weekly comp send word enter number number c url cust care number
0,jus ans lar u noe later
0,want send something sell fast lt gt k easy money
0,got things may pub later
0,number finish meeting call
0,lol ok snatch purse
0,email edrunk sorry iff pthis makes senrd dnot dancce number drum n basq ihave fun number nhite x ros xxxxxxx
0,much getting
0,ur paper e morn aft tmr
0,dear relieved westonzoyland going plan end
0,hope great new semester wish best made greatness
0,oh yes speak txt number u hmm u get email
0,want show world princess europe
0,nobody decide eat dad wants chinese
0,shoot docs waiting room
0,going number dinner soon
0,hello site download songs urgent pls
0,know u mean king havin credit goin number bed night night sweet number sleep
0,horrible gal sch stuff come u got mc
0,hi hun im comin number nite tell every number im sorry number hope u ava goodtime oli rang melnite ifink mite b sorted il explain everythin mon l number rs x
1,please call number immediately urgent message waiting
0,yeah like goes like friends imma flip shit like half hour
0,mum say wan go go shun bian watch da glass exhibition
0,plan pongal
0,wait till end march el nino gets oh
0,yet chikku going room nw bus
0,also cbe pay
0,honey boo missing u
0,sent jd customer service cum accounts executive ur mail id details contact us
0,yo parents gettin cash good news picked downstem
0,thank much skyped wit kz sura didnt get pleasure company hope good given ultimatum oh countin aburo enjoy
1,hungry gay guys feeling hungry number call number number p min stop texts call number number p min
0,ok wahala remember friend need
0,see half hour
0,im inperialmusic listening number weirdest track ever leafcutter john sounds like insects molested someone plumbing remixed evil men acid
0,hey sorry didntgive ya bellearlier hunny
0,seriously tell exact words right
1,u get number phone wanna chat number set meet call number u cum number moro luv jane xx calls number minmoremobsemspobox number po number wa
0,tee hee lecture cheery bye bye
0,sorry chikku cell got problem thts nt able reply u msg u
0,still havent collected dough pls let know go place sent get control number
0,ok
1,network operator service free c visit number biz
0,let know contact settled room lets know ok
0,wot u number u weirdo
0,lor
0,dont put phone silent mode ok
0,meet number number depends wan number lor
0,waiting number tv show number start lor u leh still busy ur report
0,oh ho first time u use type words
0,one stalk profiles
0,ever green quote ever told jerry cartoon person irritates u always one loves u vry much fails express gud nyt
0,yes thought thanks
0,drinkin ok
0,wondering others took
0,night ended another day morning come special way may smile like sunny rays leaves worries blue blue bay gud mrng
0,dog must always wait till end day word run time cell already
0,happy new year u
0,hey great deal farm tour number number pm number pax number deposit number may
0,eat jap done oso aft ur lect wat got lect number rite
0,hey babe saw came online second disappeared happened
0,da birthdate certificate april real date today dont publish shall give special treat keep secret way thanks wishes
0,happy birthday may ur dreams come true
0,aiyah u ok already lar e nydc wheellock
0,tell said eat shit
0,sure driving reach destination soon
0,k much number th fifty
0,daily text favour time
0,great hear settling well happenin wit ola
0,cocksuckers makes feel better ipads worthless garbage novelty items feel bad even wanting one
0,tot u reach liao said shirt
0,fran decided number go n e way im completely broke knackered got bout number c u number mrw love janx p dads fone credit
0,right make appointment right
0,designation software developer may get chennai
1,enjoy jamster videosound gold club credits number new videosounds number logos musicnews get fun jamster co uk number help call number
1,get number lions england tone reply lionm number mono lionp number poly number go number url original n best tones number gbp network operator rates apply
0,jokin oni lar busy wun disturb
0,ok careful text drive
0,always even spirit get bb soon trying sure need
0,u r much close heart u go away shattered plz stay
0,love u number babe r u sure everything alrite idiot txt bak girlie
0,abt making pics bigger
0,got got number colours lor one colour quite light n e darker lor actually done styling hair
0,whenevr ur sad whenevr ur gray remembr im number listn number watevr u wanna say jus walk wid little amp promise bring back ur smile
0,nothing ok anyway give treat
1,win newest harry potter order phoenix book number reply harry answer number questions chance first among readers
0,correct work today
0,sent scream moan bed princess
0,wake long ago already dunno thing
0,oh getting even u u
0,thk number shd ok said plus minus number leave line paragraphs
0,call plz number shows coveragd area urgnt call vasai amp reach number clock call plz
0,yeah jay sort fucking retard
0,sorry bathroom sup
1,ur balance number ur next question sang uptown girl number number answer txt ur answer number good luck
0,exam february number wish great day
0,dont know come ask questions like dont mistake
0,aight rush ask jay
0,good morning plz call sir
0,ok lar u sleep early nite
0,oh icic k lor den meet day
0,oh half hour much longer syria canada eh wow must get much work done day us extra time grins
0,sometimes put walls around hearts safe getting hurt find cares enough break walls amp get closer goodnoon
0,sweet may may go number u meet carlos gauge patty interest
0,buying today need c meh
0,aight sorry take ten years shower plan
0,every monday nxt week vl completing
0,might ax well im
0,chill another number hrs could sleep pain surgical emergency see unfolds okay
0,yeah try scrounge something
0,crazy ar married like gd looking guys frens like say korean leona fave dun thk aft thinking mayb prob go
0,somewhere fredericksburg
0,que pases un buen tiempo something like
0,ok stay night xavier sleeping bag getting tired
0,doesnt need test
0,nothing much chillin home super bowl plan
1,free number day sexy st george day pic jordan txt pic number dont miss every wk saucy celeb number pics c pocketbabe co uk number number wk
0,bugis oso near wat
0,yo theres class tmrw right
0,let ur heart ur compass ur mind ur map ur soul ur guide u never loose world gnun sent via way number sms com
0,goodnight sleep well da please take care pa please
0,baaaaabe misss youuuuu go teach class number
0,u ned convince tht possible witot hurting feeling main
0,good afternoon loverboy goes day luck come way think sweetie send love across sea make smile happy
0,start sending blackberry torch nigeria find buyer like number month tell dad buy bb anyone oh
0,lt gt pple marry lovers becz hav gud undrstndng dat avoids problems sent dis number u u wil get gud news friday person like tomorrow best day life dont break chain break suffer send lt gt frnds lt gt mins whn u read
0,yo dude guess got arrested day
0,shuhui say change number suntec steamboat u noe r u
0,dance river
0,yetunde sorry moji seem busy able go shopping please find way get wanted us get please forgive reply free via yahoo messenger
0,hey really pretty late want go lesson first join reaching tp mrt
1,hot live fantasies call number number p per min ntt ltd po box number croydon cr number wb number k
0,bbq sat mine number ish ur welcome number come
0,know thing wrong everyso often panicks starts goin bout bein good enough
0,alright good night
0,try making another butt
0,hope feeling great pls fill abiola
0,though shd go n fun bar town something sound ok
0,number go write msg number put dictionary mode number cover screen hand number press lt gt number gently remove ur hand interesting
1,bears pic nick tom pete dick fact types try gay chat photo upload call number number p min number stop texts call number
1,number new mobiles number must go txt nokia number collect today number url number optout number number gbp mtmsg number txtauction
0,finally ready fyi
0,auntie huai juan never pick phone
1,double mins double txt number number price linerental latest orange bluetooth mobiles call mobileupd number latest offers number call number optout lf number
0,ya tel wats ur problem
0,dnt wnt tlk wid u
0,spend days waiting ideal path appear front us forget paths made walking waiting goodnight
0,ok arm feeling weak cuz got shot go another time
0,please reserve ticket saturday eve chennai thirunelvali tirunelvali chennai sunday eve already see net ticket available want book ticket tackle
0,storming msg wen u lift phne u say hello u knw wt real meaning hello name girl yes u knw dat girl margaret hello girlfrnd f grahmbell invnted telphone moral one number get name person
0,ok popped ask bout something said around tonght wen girl comes
0,e best number ur exam later
0,hope ur head hurt number much ploughing way pile ironing staying chinky tonight come round like
0,oh k think wi nz players unsold
0,haha got fast lose weight thk muz go number month den got effect gee later go aust put bk e weight
0,wonder got online love gone net cafe get phone recharged friends net think boytoy
0,haha kidding papa needs drugs
0,thk shld b ya wana go number lessons haha go one whole stretch
0,oh ok
0,r still meeting number dinner tonight
0,thats cool gentleman treat dignity respect
0,shall start hear
0,wait number u lor need number feel bad lar
0,check got detailed message
0,registered sinco payee log icicibank com enter urn lt gt confirm beware frauds share disclose urn anyone
0,decided people care stuff vote caring stuff losers
0,kaiez enjoy ur tuition gee thk e second option sounds beta go yan jiu den msg u
0,cool fun practicing making babies
0,actually getting ready leave house
0,k k special today
1,urgent important information number user today lucky day number find log onto url fantastic surprise awaiting
0,gotta
0,got ten bucks jay noncomittal
0,hungry
0,pls speak customer machan
0,somewhere beneath pale moon light someone think u dreams come true goodnite amp sweet dreams
1,dear u invited xchat final attempt contact u txt chat number p msgrcvdhg suite number number lands row w number j number hl ldn number yrs
0,wats ur opinion abt abt character
0,jay snickering tells x totally fucking chords speak
0,hours went hair cut
0,wonder cos dun rem seeing silver car thk saw black one
0,lmao take pic send
0,speak feel words better silence gud mrng
0,currently scotland
0,work week
1,congratulations ur awarded either number cd gift vouchers free entry number number weekly draw txt music number tncs url number win number ppmx number age number
0,lol great im getting hungry
0,yes saw message
0,mu like lt gt seconds
0,thing r good thanx got exams march ive done revision fran still boyf ive gotta interviw number exeter bit worried x
0,tell make little spreadsheet track whose idea smoke determine smokes much entire month february
1,sale arsenal dartboard good condition doubles trebles
0,look back building coat want get sick hurry home wear coat gym
0,painful personal thought always try keep everybody happy time nobody recognises alone
0,thanks lovely wisheds rock
0,intrepid duo great time see soon
0,asked sen come chennai search job
0,dad went oredi
0,jus hope true missin cos really missin done anything feel guilty yet
0,wat late still early mah juz go number dinner lor aiya dunno
0,arms fine cardiff uni
0,fact leave think addie goes back school tues wed
0,cool breeze bright sun fresh flower twittering birds waiting wish u goodmorning amp nice day
0,ya going restaurant
0,ok askd u knw tht
1,free number st week entry number textpod number chance number win number gb ipod number cash every wk txt pod number ts cs url custcare number
0,ducking chinchillas
0,marriage function
0,looks like u wil b getting headstart im leaving bout number number ish u r desperate company could head earlier goin meet rummer
0,give flying monkeys wot think certainly mind friend mine
1,registered optin subscriber ur draw number number gift voucher entered receipt correct ans number whats number bbc charts
0,say thanks number
0,msg rajini comes
0,ya taking ure practical lessons start june
0,good need drugs
0,stupid possible
0,decide faster cos sis going home liao
1,summers finally fancy chat flirt sexy singles yr area get matched reply summer free number join optout txt stop help number
0,u sleeping going take haha got spys wat online checking n replying mails lor
1,claire havin borin time alone u wanna cum number nite chat number hope number c u luv claire xx calls number minmoremobsemspobox number po number wa
1,bought one ringtone getting texts costing number pound offering tones etc
0,yalru lyfu astne chikku bt innu mundhe lyf ali halla ke bilo marriage program edhae lyf nt yet ovr chikku ali vargu lyfu meow meow
0,kinda first one gets twelve aah speak tomo
1,number urgent mobile number xxxxxxxxx number number bonus caller prize number number number number nd attempt reach call number asap
0,ok good later come find c lucky told go earlier later pple take finish
0,wat makes u thk fall actually thk quite prone number falls lucky dad home ask come n fetch already
1,number guaranteed latests nokia phone number gb ipod mp number player number prize txt word collect number tc llc ny usa number p mt msgrcvd number
0,wont touch permission
1,hi lucy hubby meetins day fri b alone hotel u fancy cumin pls leave msg number day number lucy x calls number minmobsmorelkpobox number hp number fl
0,number wonders world number th number th ur style number th ur smile number th ur personality number rd ur nature number nd ur sms number st ur lovely friendship good morning dear
0,take small dose tablet fever
0,oh u must taken real valentine shopping first
0,sent email address incomm right
0,gonna blake night might able get little early
0,friendship game play word say start march ends may tomorrow yesterday today e
0,nice wait texting right gonna pay ticket ya know
0,watching lotr w sis dis aft u wan number meet number dinner nite
0,keeping away like
0,think far find check google maps place dorm
0,trip ok quite tiring lor uni starts today ok number cos taking modules jus concentrating final yr project
0,always saying welp
0,guy browsin compulsory
0,purity friendship two smiling reading forwarded message smiling seeing name gud evng musthu
0,add really care least get dude fuck hey money want
0,hello lover goes new job happy think wake slave send teasing kiss across sea
0,told number gautham
0,tell need investigate anywhere
0,ok juz receive
0,cant believe said many things morning really wanted say good morning love beautiful morning see library later
1,account credited number free text messages activate txt word credit number cs url
0,end might still vomit okay everything come
0,money money aint thing sha
0,everything weather keep extra warm cold nothing serious pls lots vitamin c
0,hey gals anyone u going e driving centre tmr
0,always yahoo messenger send message get may send mobile mode sha get reply
0,putting ready lt time gt
0,time n smile r two crucial things life sometimes time makes us forget smile sometimes someone smile makes us forget time gud noon
1,sms ac jsco energy high u may know number channel number day ur leadership skills r strong psychic reply ans w question end reply end jsco
0,host based idps linux systems
1,hot live fantasies call number number p per min ntt ltd po box number croydon cr number wb number national rate call
0,da whats plan
0,ill lt gt ok
0,oh god almost home
0,total video converter free download type google search
1,thanks vote sing along stars karaoke mobile free link reply sing
0,sounds like something someone testing would sayy
0,u love someone dont make love u much u love much dont want loved anyone except gud nit
0,pete phone still jenny college leanne
0,oops sorry check mind picking tomo half eight station would ok
0,hey sweet wondering moment might come want send file someone go yahoo connection sucks remember set page go download format disc could tell know way download big files download stuff directly internet help would great prey teasing kiss
0,hows champ leaving glasgow
0,k best congrats
0,wonder get text
0,need come home give good lovin
1,brand new mobile music service live free music player arrive shortly install phone browse content top artists
0,shall ask one thing dont mistake
0,check wid corect speling e sarcasm
1,urgent mobile awarded number number bonus caller prize number number number number nd attempt contact call number number number box number qu bt national rate
0,angry happen dear
0,thk u dun haf number hint e forum already lor cos told ron n darren going number tell shuhui
0,yup ok thanx
0,hi cts employee
0,pls pls find aunt nike
0,wow love sooo much know barely stand wonder day goes well love think miss
0,screaming means shouting
0,hey happen de alright
0,picked receipt something earlier
0,think chennai well settled
0,oh dang mean send lol
0,unfortunately found pick sister airport evening think going try go one th
0,horrible bf v hungry
0,remember day
1,nokia number get win free auction take part send nokia number hg suite number number lands row w number jhl number
0,feel mr real valentine yo valentine even tho u hardly play
0,sounds good fingers makes difficult type
0,midnight earliest
0,sure trying make xavier smoke want smoke told smoke much
0,k come nordstrom done
0,u konw waht rael friendship im gving yuo exmpel jsut ese tihs msg evrey splleing tihs msg wrnog bt sitll yuo raed wihtuot ayn mitsake goodnight amp nice sleep sweet dreams
0,press conference da
1,hello orange number month free access games news sport plus number free texts number photo messages reply yes terms apply url
0,completed degree use joining finance
0,good afternoon love job prospects missing lazy bleak hmmm happy filled love
0,shant disturb u anymore jia
0,bishan lar nearer need buy early cos buy gotta park car
0,dont know oh
0,dude sux snake got old raiden got buff
0,says hi get ass back south tampa preferably kegger
0,e msg jus u said thanks gift
0,u
0,ok dear call chechi
0,yeah totes u wanna
0,ok found dis pierre cardin one looks normal costs number sale
0,good sleep rhythm person establish rhythm body learn use want know
0,wat r u
0,message truro hospital ext phone phone side
0,single line big meaning miss anything number ur best life
0,got gas money chance gang want go grand nature adventure
0,dnt worry use ice pieces cloth pack also take number tablets
0,dude saw parked car sunroof popped sux
0,get ready put excellent sub face
0,tmrw im finishing number doors
0,lt gt g saw days ago guy wants sell wifi lt gt number g lt gt blanked
0,late
0,whatever im pretty pissed
0,dont much image class
0,got rumour going buy apartment chennai
0,near kalainar tv office thenampet
1,ur cash balance currently number pounds maximize ur cash send go number number p msg cc number hg suite number number lands row w number j number hl
1,sms auction brand new nokia number number auction today auction free number join take part txt nokia number hg suite number number lands row w number j number hl
0,sis catching e show e afternoon watching w c u wan number watch today tmr lor
0,sounds gd haha wah u yan jiu fast liao
0,nosy guess idk reacting freaked
0,remember hurt days satanic imposter need pay price may destiny keep going u said pray get mind get
0,make girl happy difficult make girls happy u need number friend number companion number lover number chef lt gt good listener lt gt organizer lt gt good boyfriend lt gt clean lt gt sympathetic lt gt athletic lt gt warm lt gt courageous lt gt determined lt gt true lt gt dependable lt gt intelligent lt gt psychologist lt gt pest exterminator lt gt psychiatrist lt gt healer lt gt stylist lt gt driver aaniye pudunga venaam
0,princess bet brothas chasing
0,shall book chez jules half eight ok
0,hhahhaahahah rofl wtf nig leonardo room something
0,yep derek house see sunday lt number
0,cool let know kicks around lt gt day
0,wondering would okay call uncle john let know things nigeria r lt gt dollars number years sent know strain plan pay back every dime gives every dime expect anything practical something like
0,charges transfer charges withdraw anyhow like
0,dont search love let love find u thats called falling love bcoz u dont force u fall u know smeone hold u bslvyl
0,number let go bill millers
0,love set soul fire spark flame big rawring flame xoxo
0,somewhr someone surely made number u god decided perfect time make u meet dat person till den enjoy ur crushes
0,honeymoon outfit
0,help propose going back tomorrow
1,private number account statement shows number un redeemed points call number identifier code number expires number number number
0,never blame day ur life good days give u happiness bad days give u experience essential life gods blessings good morning
0,pls confirm time collect cheque
1,registered subscriber yr draw number number gift voucher b entered receipt correct ans next olympics txt ans number
1,urgent mobile number awarded number prize guaranteed call number land line claim number valid number hrs number ppm
0,daddy take good care
0,yeah probably still gotta check leo
0,k special
0,carlos taking sweet time usual let know patty done want smoke tell haul ass
0,ok pa nothing problem
0,heard job going wildlife talk tonight u want number come number worzels wizzle whatever
0,god picked flower dippeditinadew lovingly touched itwhichturnedinto u gifted tomeandsaid friend number u
0,came hostel
0,ok prob come lunch
0,jus telling u dat b leaving number shanghai number st instead haf time number meet cya
0,freezing home yet remember kiss mom morning love think missing yet
0,ready big day tomorrow
0,probably around mu lot
0,number
1,rt king pro video club need help email call number must number club credits redeemable url enjoy
0,thnx dude u guys number nite
0,sef dey laugh meanwhile darling anjie
0,mm food da
0,k makes sense btw carlos difficult guys gonna smoke go pick second batch get gas
0,u download fring app
0,number oz guy kinda flaky one friend interested picking lt gt worth tonight possible
0,friends u stay fb chat
0,fuck babe miss sooooo much wish sleep bed lonely go sleep dream love
0,living simple loving also simple laughing simple winning tooo simple simple difficult gud nte
1,u secret admirer looking number make contact u find r reveal thinks ur special call number
0,ah well confuses things
1,number free text msgs text ok number credit account
0,hi dear call urgnt know whats problem want work problem least tell wating reply
0,dear ok
1,selected stay number number top british hotels nothing holiday worth number claim call london number bx number sw number ss
0,yes princess want make happy
0,sounds like many talents would like go dinner date next week
0,going film number day da number pm sorry da
0,watching movie already xy wants number shop shopping w
0,hello little party animal thought buzz friends grins reminding loved send naughty adoring kiss
0,yesterday going home
1,eerie nokia tones number u rply tone title number eg tone dracula number titles ghost addamsfa munsters exorcist twilight url pobox number w number wq number p
0,come life brought sun shiny warming heart putting constant smile face making feel loved cared
0,shit surprised went spent evening french guy met town fooled around bit let fuck
1,number networks allow companies bill sms responsible suppliers
0,great comedy cant stop laughing da
1,freemsg feelin kinda lnly hope u like number keep company jst got cam moby wanna c pic txt reply date number msg number p number rcv hlp number stop number
0,alright set text man
0,hi keen go kind feel go tomo mind
0,sleeping nt feeling well
0,u switch fone dammit
0,india take lead
0,post l number r class
0,thts wat wright brother fly
0,evening v good somewhat event laden fill worry head ok throat wrecked see six
0,u laugh really loud u talk spontaneously u dont care others feel u probably dear amp best friends goodevening dear
0,laptop take
0,dont file bag work called tell find anything room
0,wan early lei outside wun b home early neva mind
1,ur chance win number cash every wk txt action number c url custcare number number x number p wk
0,bugis juz wat walking home oredi late reply oso saw top dat like din buy r
0,number go ok na
0,yes posted couple pics fb still snow outside waking
0,one good partnership going take lead
1,rgent number nd attempt contact u u number call number b number csbcm number wc number n number xx callcost number ppm mobilesvary max number number
0,yeah class
0,send bec temple na
0,coming home class right need work shower
1,hi ur lookin number saucy daytime fun wiv busty married woman free next week chat number sort time number janinexx calls number minmobsmorelkpobox number hp number fl
0,mostly like
0,v fan
0,dunno cos v late n reach inside already ate spageddies lor e gals r laughing lor
0,guess spent last night phasing fourth dimension
0,dad gonna call gets work ask crazy questions
0,yes said
0,hurting n meaningful lines ever compromised everything love
0,lmao nice number
0,glad see reply
1,urgent trying contact u todays draw shows number prize guaranteed call number land line claim number valid number hrs
1,monthly password wap mobsi com number use wap phone pc
0,nah dub je still buff
0,painful words thought happy toughest thing earth
0,yeah fine number get ok
0,lol u come ideas
0,many people seems special first sight remain special till last sight maintain till life ends sh jas
0,okay wait ah
0,lei
0,hi babe u r likely bed im sorry tonight really wanna see u tomorrow call number love xxx
0,already squatting new way walking
0,want bold number bb torch
0,cramps stopped going back sleep
1,todays vodafone numbers ending number last four digits selected received number award number matches please call number claim number award
1,free top ringtone sub weekly ringtone get number st week free send subpoly number number per week stop sms number
0,nan sonathaya soladha boss
0,bring tat cd forget
0,know raping dudes poker
0,weightloss girl friends make loads money ebay something give thanks god
0,gr number see message r u leaving congrats dear school wat r ur plans
0,eatin later eatin wif frens lei going home first
0,finish already yar keep saying mushy embarrassed ok
0,sorry man stash ran dry last night pick sunday
0,hai priya right doctor said pa
1,free msg sorry service ordered number could delivered sufficient credit please top receive service
0,please ask mummy call father
0,come room cannot come house cos house still messy haha
0,lost number kilos today
0,taste fish curry p
0,might accidant tookplace somewhere ghodbandar rd traffic moves slovely plz slip amp worry
0,yun ah wkg btw go nus sc wana specialise wad
0,yes one woman man please tell likes dislikes bed
0,test earlier appreciate call tomorrow
0,loverboy keeps coming queen hmmm ache speak miss desparately
0,u meet fren dun wan meet ah muz b guy rite
0,promises though even gotten dinner yet
0,got back dislikes bed
0,turns stereo love mi phone unknown album
1,hard live number chat number p min choose girl connect live call number cheap chat uk biggest live service vu bcm number wc number n number xx
0,yeah see
0,asking u knw nt may ur frnds classmates
0,sorry earlier putting fires around talk number actually life lol
1,wow boys r back take number uk tour win vip tickets pre book vip club txt club number trackmarque ltd email
0,missionary hook doggy hook standing
0,u better go sleep dun disturb u liao u wake msg lor
0,watching house entertaining getting whole hugh laurie thing even stick indeed especially stick
0,thought praps meant another one goodo look tomorrow
0,hi jon pete ive bin number spain recently hav sum dinero left bill said u ur rents mayb interested hav number number pes around number tb james
0,bold number lt gt
0,know shall speak lt gt minutes
0,alrite hunny wot u number nite didnt end goin town jus da pub instead jus chillin da mo bedroom love jen xxx
0,went project centre
0,per request maangalyam alaipayuthe set callertune callers press number copy friends callertune
0,lol yeah point guess
0,project w frens lor
0,lol well quality aint bad aint complaining
0,k happen tonight
1,hi mandy sullivan calling hotmix fm chosen receive number number easter prize draw please telephone number claim number number number prize transferred someone else
0,think going finn come
0,tired special
0,come tomorrow di
0,k go sleep well take rest
0,u guys never invite anywhere
1,ur going number bahamas callfreefone number speak live operator claim either bahamas cruise number cash number opt txt x number
0,want please inside outside bedroom
0,ey calm downon theacusations itxt u cos iwana know wotu r doin thew end haventcn u ages ring ur number nething sat love j xxx
0,love wine dine lady
1,someone conacted dating service entered phone fancy find call landline number pobox number n number tf number
0,cool ta luv v tired number cause doin loads planning wk got social services inspection nursery take care spk sn x
0,know account details ask mom send mom reach
0,think u wrong number
0,feel always happy slowly becomes habit amp finally becomes part life follow happy morning amp happy day
0,b late love mum
0,got mail panren paru
0,thinking chuckin ur red green n black trainners number save carryin bac train
0,give one miss number please
0,jus came back fr lunch wif sis u leh
0,schedule next week town weekend
0,really good dhanush rocks
0,lmao ok wont needing u hair anymore
0,miss ya need ya want ya love ya
0,sorry free
0,u ever get song stuck head reason go away til u listen like number times
0,nt yet chikku simple habba hw abt u
0,got ur mail dileep thank muchand look forward lots support less contacts remember one venugopal mentioned tomorrow late shall try come till goodnight dear
0,sometimes heart remembrs someone much forgets someone soon bcoz heart like everyone liked ones remembered everytime bslvyl
0,joy father john john name joy father mandan
1,hi number ibh customer loyalty offer new nokia number mobile number txtauction txt word start number get number
0,hi yijue regarding number textbook intro algorithms second edition selling number
1,sms auction nokia number get win free auction take part send nokia number hg suite number number lands row w number jhl number
0,k want us come
0,little difficult simple way enter place
0,ha us e thing got tv number watch u thk number go tonight u already haf smth mind
0,dont show far put new pictures facebook
0,watching tv got new job
0,good afternoon sexy buns goes job search wake first thought always love wish fine happy know adore
0,coming whatever want
0,ok chikku number favourite song
0,u see posted facebook
1,call freephone number
1,buy space invaders number chance number win orig arcade game console press number games arcade std wap charge see number co uk games number terms settings purchase
1,big brother alert computer selected u number k cash number voucher call number ntt po box cro number bt landline cost number ppm mobiles vary
0,oh well c u later
0,uncles atlanta wish guys great semester
0,dear free messages without recharge hi hi hi
0,dun believe u thk u told
0,know god created gap fingers one made comes amp fills gaps holding hand love
0,yes sura sun tv lol
0,arun u transfr amt
0,takin shower yeah leave done
0,working eyes philosophy text u later bit free chat
0,u lost ill always b number u intend number hurt u never knew u felt iwas marine itried number tell urmom careabout u
1,win winner mr foley ipod exciting prizes soon keep eye ur mobile visit url
0,bad girl still remember
0,much gave morning
0,hope alright babe worry might felt bit desparate learned job fake waiting come back love
0,hey tell blake address carlos wanted meet got lost answering phone
0,get opinion something first
0,one week leave put know time
0,hit move
0,excellent spent lt gt years air force iraq afghanistan stable honest like traveling
0,wanna watch movie
0,ok lor thanx school
0,class get text
0,bus leaves lt gt
0,god bless get good sleep dear pray
1,todays voda numbers ending number selected receive number award match please call number quoting claim code number standard rates app
0,nice day today love dearly
0,aiyo bit pai seh noe scared dun rem die hee become better lookin oredi leh
0,aight ask roommates
0,whats house beer
0,wan number meet n combine parts da rest da project going
0,getting tickets number walsall tue number th march mate getting sat ill pay treat want number go txt bak terry
0,yes chatting
0,hi jess dont know work call u im home eve xxx
0,sian aft meeting supervisor got work number liao u working
0,going write ccna exam week
0,well watch shrek number b
0,much dirty fellow
0,dunno dat wat told ok lor
0,probably tomorrow even later tonight something going
0,say dying man feel sad go wanted know would probably gone late night
0,thinking lifting one
0,u dun wan u dun like already ah wat u still eating
0,sent ur email id soon
0,dude teresa hope okay didnt hear people called received package since dec lt gt thot ld like know fantastic year best reading plus really really bam first aid usmle work done
0,hey gorgeous man work mobile number good one babe squishy mwahs
1,hottest pics straight phone see getting wet wanting xx text pics number txt costs number p textoperator g number ga number xxx
0,way stay oh
0,hello thanx taking call got job starts monday
0,time ur flight tmr
0,come
0,rather prominent bite mark right cheek
0,september
0,wet right
0,husband
1,hack chat get backdoor entry number chat rooms fraction cost reply neo number call number subscribe number p pm dps bcm box number ldn wc number n number xx
0,norm tomorrow finish number number cos st tests need sort library stuff point tomo got letter today access til end march better get move
0,yeah got list u joanna feeling really anti social
0,office na
0,comingdown later
0,super da good replacement murali
0,da good good player unsold
0,hi u want join sts later meeting five call u class
0,engalnd telly decided let watch mia elliot kissing damn
1,free nokia motorola upto number mths number number price linerental number free x net mins number txt mth free b tooth call mobileupd number number call number optout number wv
0,dont want hear philosophy say happen
0,got job wipro get every thing life number number years
0,cant get da laptop matric card wif lei
0,dunno da next show aft number number toa payoh got number
1,number nd time tried number contact u u number pound prize number claim easy call number number p per min bt national rate
0,made payments dont much sorry would want fedex way
0,play one day last year know even though good team like india
0,k girl waiting reception ah
0,say slowly god love amp need clean heart blood send ten special people amp u c miracle tomorrow pls pls
0,hate turns fun shopping trip annoying day everything would look house
0,sir waiting call
0,want come online
0,could work reach consensus next meeting
0,aiyah wait lor u entertain hee
0,last thing ever wanted hurt think would laugh embarassed delete tag keep going far knew even fact even felt like would hurt shows really know messy wednesday bad problem time clean choose skype take pictures sleep want go mind things make bed throw laundry top friend house embarassed underwear bras strewn bed pillows floor something else used good least making bed
0,let know kicks
0,call ok said call
0,call number available appointment ask connect call waheed fathima
0,go buy wif meet later
0,mmmm fuck fair know weaknesses grins pushes knee exposes belly pulls head forget know wicked smile
0,today system sh get ready well also deep well
0,mom wants know
0,aight text back
0,dont know supports ass srt thnk think ps number play usb
0,oh ok didnt know meant yep baby jontin
1,guaranteed number cash number prize claim yr prize call customer service representative
1,would like see xxx pics hot nearly banned uk
0,pen thing beyond joke wont biro masters ever
0,party alex nichols
1,u secret admirer looking number make contact u find r reveal thinks ur special call number
0,seeing missed call dear brother gr number day
0,ok finishing soon
0,sorry help
0,come slave going shell unconsciously avoiding making unhappy
0,love ass enjoy doggy style
0,think asking gym excuse lazy people jog
1,dear number xxxxxxx u invited xchat final attempt contact u txt chat number p msgrcvdhg suite number number lands row w number j number hl ldn number yrs
1,urgent please call number landline abta complimentary number tenerife holiday number cash await collection sae cs box number cw number wx number ppm
0,way home long dry spell season would
0,gotta collect da car number lei
0,ok knackered came home went sleep good full time work lark
0,probably earlier station think
1,call number listen extreme dirty live chat going office right total privacy one knows sic listening number p min number number mp number
1,freemsg hey u got number video pic fones reply wild txt ill send u pics hurry im bored work xxx number p rcvd stop number stop
0,uh heads much left
0,tot u outside cos darren say u come shopping course nice wat jus went sim lim look mp number player
0,aight sounds good want come
0,wat would u like number ur birthday
0,love working home
0,miss vday parachute double coins u must know well
0,sister got placed birla soft da
1,free entry number weekly comp chance win ipod txt pod number get entry std txt rate c apply number details number
0,wah okie okie muz make use e unlimited haha
0,people mu table lambda
0,stop old man get build snowman snow angels snowball fights
0,ello babe u ok
0,hello beautiful r u ok kinda ad row wiv walked pub wanted night wiv u miss u
0,u going ikea str aft dat
0,becoz lt gt jan whn al post ofice holiday cn go fr post ofice got duffer
0,lol grr mom taking forever prescription pharmacy like number minutes away ugh
0,real tho sucks even cook whole electricity hungry
0,want go
1,new textbuddy chat number horny guys ur area number number p free number receive search postcode gaytextbuddy com txt one name number number rpl stop number cnl
0,time month mid time
0,fffff text kadeem far gone
0,leaving yet ok lor go elsewhere n eat u thk
0,fujitsu series lifebook good
0,yar wanted number scold u yest late already got zhong se qing u ask b number ask go w u lor n u still act real
0,dont know bring food
0,current food alone also
0,sch fr number number dun haf da book sch home
0,hello going village pub number either come accordingly ok
0,ok
0,call like lt gt times oh give us hypertension oh
0,dont give monkeys wot think certainly mind friend mine sleep wiv wud annoyin
0,omg could snow tonite
1,call number tells u number call number claim number prize u number enter ur mobile personal details prompts careful
1,free number st week entry number textpod number chance number win number gb ipod number cash every wk txt vpod number ts cs url custcare number
0,carry disturbing
0,pa tell went bath
0,jus finished avatar nigro
0,r u scratching
0,hope great day
0,either idea know anyplaces something
0,planning usually stops find hella weed
0,fact cleaning shows know upset priority constantly want
0,excellent ready moan scream ecstasy
1,people dogging area call number join like minded guys arrange number number evening number number minapn ls number bb
0,dude avatar number imp one point thought actually flies room almost tried hittng one reflex
1,well done number costa del sol holiday number await collection call number toclaim sae tcs pobox number stockport sk number xh cost number number pm max number mins
0,k k cant come search job
0,got lousy sleep kept waking every number hours see cat wanted come worry cold
0,yeah leave couple minutes amp let know get mu
0,call number number make sure dat woken
0,hey go jazz power yoga hip hop kb yogasana
0,battery mr adewale uncle aka egbon
0,wait number min stand bus stop
0,oh ic thought meant mary jane
0,haha really oh deduct lesson tmr
0,nah im goin number wrks j wot bout u
0,eat shit wait ur monkey face bitch u asshole
0,good night going sleep
0,aight grab something eat text back mu
0,take something pain moves however side next number hrs see doctor
0,lol oh babe wont sliding place midnight thanks invite
0,howz persons story
1,guess somebody know secretly fancies wanna find give us call number landline datebox number essexcm number xn number p min number
0,lol would awesome payback
1,number number free text messages valid number december number
0,honeybee said sweetest world god laughed amp said wait u havnt met person reading msg moral even god crack jokes gm gn ge gn
0,thanks tescos quite nice gone speak soon
0,feathery bowa something guys know
0,even cant close eyes vava playing umma
0,number laptop noe infra slow lar wan fast one
1,guaranteed number award even number cashto claim ur award call free number number number stop getstop number php
0,nvm ok
0,enjoy ur life good night
0,yes meet town cos go gep home could text bus stop worry finished march ish
0,thats cool cum
0,delhi chennai still silent
0,lol alright thinkin haha
1,reply win number weekly number fifa world cup held send stop number end service
0,boat still moms check yo half naked
0,shhhhh nobody supposed know
0,sorry call later meeting thing related trade please call arul lt gt
0,hey late amk need drink tea coffee
1,urgent please call number landline abta complimentary number tenerife holiday number cash await collection sae cs box number cw number wx number ppm
0,length e e top shorter n got fringe thk going liao lazy dun wan number distract u also
0,antha num corrct dane
0,basket gettin full might tonight
0,hi darlin ive got back really nice night thanks much lift see u tomorrow xxx
0,valentines huh proof fb page ugh glad really watch rupaul show tool
1,free tones hope enjoyed new content text stop number unsubscribe help number p provided tones number co uk
0,eh den sat u book e kb liao huh
0,practising curtsey
0,lol boo hoping laugh
0,yeh def number something sat
0,well leave class babe never came back hope nice sleep love
0,lmao fish memory need
0,b going number sch mon sis need number take smth
0,idea soon get converted live
1,themob yo yo yo comes new selection hot downloads members get free click open next link sent ur fone
0,india going draw series many years south african soil
0,goodmorning today late lt decimal gt min
0,take major roles community outreach rock mel
0,shopping lor raining mah hard number leave orchard
0,hi birth number lb number oz mother baby brilliantly
0,see forwarding message proof
0,keep going never intention run choose rather keep room clean say visitors maybe best choice yes wanted embarassed maybe feel feel friend wants drop buy say happened morning tried everything know else
0,dunno lei thk mum lazy go neva ask yet
0,whatever want know rules talk earlier week start happening showing responsibility yet every week bend rule way way whatever tired thia argument every week lt gt movie doesnt inlude previews still getting number
0,beautiful truth gravity read carefully heart feels light someone feels heavy someone leaves goodmorning
1,great news call freefone number claim guaranteed number cash number gift speak live operator
0,ambrith madurai met u arun dha marrge remembr
0,read shame tell takes runs blame u number ever really number ever long time
0,princess kitty shaved natural
0,better bb wont use wife doctor
0,ya came ago
0,tomorrow onwards eve number number work
0,anything lor toa payoh got place number walk meh
0,anybody number still thought tactful way ask alex
1,u win number music gift vouchers every week starting txt word draw number tscs url skillgame number winaweek age number number ppermesssubscription
0,movie theatre go watch unlimited movies pay
0,u lunch alone bored
0,yes obviously eggs pert potato head speak soon
0,nah man car meant crammed full people
0,got new job bar airport satsgettin number number per hour means lie keep touch
0,kallis ready bat number nd innings
0,thanx birthday already
0,ugh u apologize admit u wrong ask take u back
0,noe la u wana pei bf oso rite k lor days den
0,yes small kid boost secret energy
0,im gonna miss u much
0,avatar supposed subtoitles
0,simply sitting watching match office
0,jot things want remember later
0,oh sorry please
0,hey going lo lesson gym
0,dont pack buy store like cereals must pack food pack gari something number ja miss
0,always make things bigger
0,dun wan watch infernal affair
0,waking number afternoon sup
0,send pic like
0,okay booked already including one bugis
0,aight fuck get later
0,de call time ill tell k
0,dont use hook
0,much blackberry bold number nigeria
0,hi home calicut
0,hey darlin pick u college u tell wen number mt love pete xx
1,call number use ur mins calls cast number p min mob vary service provided aom gbp number month aom box number number er u stop ages number
0,oh thkin goin yogasana number den nd go number den rush parco number nb okie lor u call ready
0,late need go n get da laptop
0,sir waiting mail
0,please charge mobile get morning
0,nothing got msg frm tht unknown
0,ugh fuck resubbing eve
0,see shadow get early spring yay
0,one slice one breadstick lol
0,hey want crave miss need love ahmad saeed al hallaq
0,training tomorrow
1,urgent mobile number number bonus caller prize number number number number nd attempt reach call number asap box number n number qp number ppm
0,pass dis ur contacts n see wat u get red luv wid u blue u put smile face purple u r realy hot pink u r swt orange thnk lyk u green realy wana go wid u yelow wnt u bck black jealous u brown miss nw plz giv one color
0,cos daddy arranging time c wat time fetch mah
0,eldest know
0,say hi drugdealer
0,hard believe things like say lie think twice saying anything
1,eerie nokia tones number u rply tone title number eg tone dracula number titles ghost addamsfa munsters exorcist twilight url pobox number w number wq number p
1,sexy singles waiting text age followed gender wither f e g number f gay men text age followed g e g number g
0,good night dear sleepwell amp take care
0,wondarfull song
1,freemsg claim ur number sms messages text ok number use web number mobile number ur mates etc join txt number com number number p wk c box number la number wu number remove txtx stop
0,yar lor actually quite fast cos da ge slow wat haha
0,must come later normally bathe da afternoon mah
0,trust even
0,hey hun onbus goin number meet wants number go number meal donyt feel like cuz number get last bus home hes sweet latelyxxx
1,number free ringtone reply real
0,take like noon
0,opening mca
0,aight wat happening side
0,done oredi
0,sweet well princess please tell likes dislikes bed
0,wish great semester
0,moji love words rich day
0,dude like buff wind
0,alright babe
1,well done england get official poly ringtone colour flag yer mobile text tone flag number opt txt eng stop box number w number wx number number
0,give everything want need actually could better yor got money get work get man pay rent even fill fucking gas tank yes stressed depressed even call home thanksgiving cuz tell nothing
0,kallis wont play first two odi
0,get cash together text jason
0,oh love soooo good hear omg missed much today sorry problems provider thank tming
1,final chance claim ur number worth discount vouchers today text yes number savamob member offers mobile cs savamob pobox number number uz number number subs number
0,probably want pick
0,done
0,cutest girl world
0,dice art class number thru number thanks though idea time come tomorrow
1,sms services inclusive text credits pls goto url login unsubscribe stop extra charge help number po box number ip number
0,oh howda gud gud mathe en samachara chikku
0,thk number lor dunno get tickets wat u
0,audrie lousy autocorrect
0,site simulate test gives tough questions test readiness
0,anyway seriously hit back otherwise light armand always shit vomiting
0,fetch yun u fetch
0,thank like well
0,hmmm imagine come home rub feet make dinner help get ready date sure ready kind life
0,lara said loan lt gt
0,spare power supplies
0,yar quite clever aft many guesses lor got ask number bring thk darren willing number go aiya thk leona still attach wat
1,winner specially selected receive number cash number award speak live operator claim call number number pm cost number p
0,yeah go bed back midnight
1,sunshine hols claim ur med holiday send stamped self address envelope drinks us uk po box number bray wicklow eire quiz starts saturday unsub stop
0,well available washob nobbing last night ask nickey platt instead
0,time week ryan
0,wish u many many returns day happy birthday vikky
1,u win number music gift vouchers every week starting txt word draw number tscs url skillgame number winaweek age number number ppermesssubscription
0,hope know still mad
0,argh number g spotty anyway thing remember research province sterling problem free places looked
0,xam hall boy asked girl tell starting term dis answer den manage lot hesitation n lookin around silently said intha ponnungale ipaditan
0,know result
0,sorry im getting feel really bad totally rejected kinda thing
0,got shitload diamonds though
0,tessy pls favor pls convey birthday wishes nimya pls dnt forget today birthday shijas
0,well going aunty
0,mine like fr china noisy
0,later guess needa mcat study
0,training manual show tech process password reset troubleshooting
1,b number u voucher w c number number marsms log onto url discount credit opt reply stop customer care call number
0,spoke uncle john today strongly feels need sacrifice keep going call beg listen dont make promises make clear things easy need please let us work things long keep expecting help creativity stifled pls keep happy promises part
0,carlos took leave minute
0,well done luv ya
0,came hostel
0,k still loving
0,juz remembered gotta bathe dog today
0,drug able eat
0,alright took morphine back yo
0,see requirements please
0,stayin trouble stranger saw dave day sorted still bloke u gona get girl mr ur mum still thinks get number getha
1,freemsg hey buffy number love satisfy men home alone feeling randy reply number c pix qlynnbv help number p msg send stop stop txts
0,collect ur laptop
0,ok later showing around number number number want cld drink wld prefer spend money nosh mind nxt wk
0,get home
0,waaaat lololo ok next time
0,table occupied waiting tree
0,surely dont forgot come always touch
0,hi kindly give us back documents submitted loan stapati
0,dont shall buy one dear
0,oh god happy see message number days
0,year many miles
0,hey cutie goes wales kinda ok like hills shit still avent killed
0,sad story man last week b day wife nt wish parents forgot n kids went work even colleagues wish entered cabin pa said happy b day boss felt special askd number lunch lunch invited apartment went said u mind go bedroom minute ok sed sexy mood came number minuts latr wid cake n wife parents kidz friends n colleagues screaming surprise waiting sofa naked
0,think go honesty road call bank tomorrow tough decisions make us great people
1,free number st week number nokia tone number ur mob every week txt nokia number get txting tell ur mates zed pobox number w number wq norm number p tone number
0,specialisation work slave labor look month sha cos shakara number beggar
0,replying boye changed phone number
0,hi darlin im way london smashed another driver big dent im really missing u u xxx
0,nothing really making sure everybody speed
0,coming home number dinner
0,thank way lost
0,yes good crickiting mind
0,thx well months
0,please come imin town dontmatter urgoin outl number r
0,wont wat wit guys
0,yavnt tried yet never played original either
0,hiya good day spoken since weekend
0,see thought
0,get ready moan scream
0,oh k got job whats
0,think need going late school night especially one class one missed last wednesday probably failed test friday
0,popping lt gt ibuprofens help
0,babe goes day sip cappuccino think love send kiss across sea
0,ok
0,ps u ur grown right
0,chinatown got porridge claypot rice yam cake fishhead beehoon either eat cheap den go cafe n tok go nydc somethin
0,know people hit fuck yes
0,purity friendship two smiling reading forwarded message smiling seeing name gud evng
0,anything specific regards jaklin idk fuck
0,oh god gonna google nearby cliffs
1,free camera phones linerental number number month number cross ntwk mins number number price txt bundle deals also avble call number call number optout j mf
0,yup shd haf ard number pages add figures got many pages
0,ooh number got gonna start belly dancing moseley weds number number u want number join cafe
0,thankyou much call appreciate care
0,congrats treat pending mail number days mail thru respect mother home check mails
0,called one pick e phone ask already said ok
0,hi email address changed
0,v aluable ffectionate l oveable e ternal n oble ruthful ntimate n atural e namous happy valentines day advance
0,much textin bout
0,bring got
0,movie call number wat
0,sure stomach
0,haha dinner cousin
0,boy late number home father power frndship
0,man carlos definitely coming mu tonight excuses
0,soon real thing princess make wet
0,raji pls favour pls convey birthday wishes nimya pls today birthday
0,haha legs neck killing amigos hoping end night burn think could swing like hour
1,urgent mobile number xxxxxxxxx number number bonus caller prize number number number number nd attempt reach call number asap box number n number qp number ppm
0,usually body takes care buy making sure doesnt progress pls continue talk saturday
1,urgent number costa del sol holiday number await collection call number toclaim sae tc pobox number stockport sk number xh cost number number pm max number mins
0,hmm well night night
0,wanted say holy shit guys kidding bud
0,gettin bit arty collages mo well tryin number ne way got roast min lovely shall enjoy
0,one days billion classes right
0,goodmorning today late number hrs back pain
0,ok let noe later n ask call u tmr
0,ok waliking ard u wan number buy anything go ur house
0,two cartons u pleased shelves
0,nice talking please dont forget pix want see
1,guaranteed number cash number prize claim yr prize call customer service representative number number number pm cost number p
0,really quite funny lor wat u shd haf run shorter distance wat
0,notice like looking shit mirror youre turning right freak
0,great getting worried know wonderful caring person like best life know u r wonderful god love
1,thanks ringtone order ref number k number mobile charged number number tone arrive please call customer services number
0,prefer free days tues wed fri oso ask workin lor
0,alrite jod hows revision goin keris bin doin smidgin n e way u wanna cum college xx
0,belive come home
0,oh k k take test
0,exact intentions
0,haha money leh later got go tuition haha looking empty slots driving lessons
0,hey thk juz go accordin wat discussed yest lor except kb sun cos nt much lesson go attend kb sat
0,k wen ur free come home also tel vikky hav sent mail also better come evening il free today aftr number pm
0,nothing getting msgs dis name wit different
0,room number wanna make sure knocking right door
0,si como listened number plaid album quite gd new air number hilarious also bought braindance comp ofstuff aphex abel
0,pls tell nelson bb longer comin money expecting aint coming
0,give something drink takes vomit temp might drop unmits however let know
0,think sent text home phone cant display texts still want send number
0,every day use sleep lt gt
0,k call close
0,u buy newspapers already
0,nope wif sis lor aft bathing dog bathe looks like going number rain soon
0,boo way moms making tortilla soup yummmm
0,management puzzeles
0,find way include details
1,hi ya babe x u number goten bout scammers getting smart though regular vodafone respond get prem rate msg subscription nos used also beware
1,back number work number morro half term u c number nite number sexy passion b number number go back chat number luv dena calls number minmobsmorelkpobox number hp number fl
0,like spoiled
1,thanks ringtone order ref number r number mobile charged number number tone arrive please call customer services number
0,getting threats sales executive shifad raised complaint official message
0,hope things went well doctors reminds still need number go u c little thing left lounge
0,den wat e schedule b lk sun
0,lol enjoy role playing much
0,ok watching tv
0,lov line hurt truth
0,checked heading drop stuff
0,got lots hair dresser fr china
0,sad story man last week b day wife nt wish parents forgot n kids went work even colleagues wish
0,ill call evening ill ideas
1,splashmobile choose number gr number tones wk subscrition service weekly tones costing number p u one credit kick back enjoy
0,show wot say could u c number dust
0,take lt gt min
1,heard u number call number rude chat private line number cum wan number c pics gettin shagged text pix number number end send stop number sam xxx
1,forwarded number free entry number weekly comp send word enter number number c url
0,finish liao u
1,number number lost number pound help
0,haha think
0,u know watchin lido
0,life spend someone lifetime may meaningless moments spent someone really love means life
0,haha awesome number u couple times coming
0,cold dont sad dear
0,think could stop like hour roommate looking stock trip
0,telly brdget jones
0,hello r u im bored inever thought id get bored tv tell something exciting happened anything
0,hmm bad news hype park plaza number studio taken left number bedrm number
0,sorry call later meeting
0,r comin back dinner
0,hav almost reached call unable connect u
0,waited yesterday
0,reach home safe n sound liao
0,velly good yes please
0,hi wkend ok journey terrible wk good huge back log marking
0,two letters copy cos one message speak soon
0,alex knows guy sells mids south tampa think could set like number
0,dont message offer
1,mobile number mths update free oranges latest colour camera mobiles unlimited weekend calls call mobile upd number freefone number number stoptx
0,hey babe u doin wot u number nite love annie x
0,remind get shall
0,v romantic
0,hello damn christmas thing think decided keep mp number doesnt work
1,number new message please call number
0,hi darlin im missin u hope good time u back time u give call home jess xx
1,forwarded number hi mailbox messaging sms alert number messages number matches please call back number retrieve messages matches
0,draw va dont think
0,dont pick call something important tell hrishi
0,nothin comes mind help buy hanger lor ur laptop heavy
0,lt gt guess easy enough
0,make baby yo tho
0,tell friend come round til like lt gt ish
0,friendship poem dear dear u r near hear dont get fear live cheer tear u r always dear gud ni number
0,still area restaurant ill try come back soon
0,aight work thanks
1,moby pub quiz win number high street prize u know new duchess cornwall txt first name number unsub stop number number sp arrow
0,number sleeping bags number blanket paper phone details anything else
1,nokia number get win free auction take part send nokia number hg suite number number lands row w number jhl number
1,congratulations thanks good friend u number number xmas prize number claim easy call number number p per minute bt national rate
1,email games thedailydraw dear helen dozens free games great prizeswith
0,guys
0,also chat awesome make regular unless see person
0,significant dont worry
0,cause old live high
0,waqt se pehle naseeb se zyada kisi ko kuch nahi milta zindgi wo nahi jo hum sochte hai zindgi wo hai jo ham jeetey hai
0,way office da
0,place want da
0,pain come worse time
0,stalking u
0,sorry dude dont know forgot even dan reminded sorry hope guys fun
0,ok lor
0,apps class varaya elaya
1,urgent mobile number number bonus caller prize number number number number nd attempt reach call number asap box number n number qp number ppm
0,day asked anand number
0,surfing online store offers want buy thing
0,long beach lor expected u dinner
0,home way
0,fine thanks
0,happen tell truth
0,like italian food
0,weird know one point
0,aww must nearly dead well jez iscoming todo workand whilltake forever
0,tell friends plan valentines day lt url gt
0,alright see bit
0,cheers message zogtorius staring phone age deciding whether text
0,take care financial problem help
0,tell dear happen talking like alian
1,double mins txts orange number number price linerental motorola sonyericsson b tooth free nokia free call mobileupd number number number optout hv number
0,hi yijue meet u number tmr
0,posible dnt live lt gt century cm frwd n thnk different
0,dint slept afternoon
0,seems unnecessarily affectionate
0,yar else thk sorts funny things
1,download many ringtones u like restrictions number number choose u even send number yr buddys txt sir number number
0,thats cool day
1,please call number immediately urgent message waiting
0,r going lt gt bus
0,hello love went day alright think sweet send jolt heart remind love hear screamed across sea world hear ahmad al hallaq loved owned possessive passionate kiss
0,joined today
0,okay well thanks clarification
0,talk others probably come early tomorrow
1,spook mob halloween collection logo pic message plus free eerie tone txt card spook number zed number p per logo pic
0,money issue weigh thanks breathe easier make sure dont regret thanks
0,hi sorry missed call pls call back
1,fantasy football back tv go sky gamestar sky active play number k dream team scoring starts saturday register sky opt number
0,ok need tell anything going sleep good night
0,ok try week end course coimbatore
1,tone club subs expired number sub reply monoc number monos polyc number polys number weekly number p per week txt stop number stop msg free stream number
0,v nice number sheffield tom number air opinions categories number b used number measure ethnicity next census busy transcribing
0,r home come within number min
0,boy loved gal propsd bt didnt mind gv lv lttrs bt frnds threw thm boy decided number aproach gal dt time truck speeding towards gal wn number hit girl boy ran like hell n saved asked hw cn u run fast boy replied boost secret energy n instantly girl shouted energy n thy lived happily number gthr drinking boost evrydy moral story hv free msgs gud ni number
0,day say cut ur hair paragon called hair sense noe much hair cut
0,hmm many unfortunately pics obviously arent hot cakes kinda fun tho
0,watching tv lor funny bluff number wat izzit thk impossible us
1,xmas prize draws trying contact u todays draw shows number prize guaranteed call number land line valid number hrs
0,dunno lei neva say
0,thanx number day u r goodmate think ur rite sary asusual number u cheered love u franyxxxxx
0,way home went change batt number watch go shop bit lor
1,yes place town meet exciting adult singles uk txt chat number number p msg
0,hi mobile lt gt added contact list url great place send free sms people visit fullonsms com
0,good evening sir hope nice day wanted bring notice late paying rent past months pay lt gt charge felt would inconsiderate nag something give great cost didnt speak however recession wont able pay charge month hence askin well ahead month end please help thank everything
0,let want house number
0,best line said love wait till day forget u day u realize u cannot forget gn
0,reach ten morning
0,pussy perfect
1,someone contacted dating service entered phone becausethey fancy find call landline number pobox number w number rg number p
0,message responce happend
0,also piece
0,wiskey brandy rum gin beer vodka scotch shampain wine kudi yarasu dhina vaazhthukkal
0,boo things back home little bored already
0,first gained lt gt kg since took second done blood sugar tests ok blood pressure within normal limits worries
0,pick ur fone u dumb
0,thanks da thangam feel happy dear also miss da
0,okey doke home dressed cos laying around ill speak later bout times stuff
0,run away frm u walk slowly amp kills u care enough stop
0,babe back come back
0,well told others marry
0,neshanth tel r u
0,yo yo yo byatch whassup
0,oh kay sat right
0,hi roger cl
1,babe u want dont u baby im nasty thing number filthyguys fancy rude time sexy bitch go slo n hard txt xxx slo number msgs
0,oh oh wasted den muz chiong sat n sun liao
0,jesus christ bitch trying give drugs answer fucking phone
0,please give number pick tuesday evening number ok
0,meeting darren
0,one best dialogue cute reltnship wen die
0,solve case man found murdered lt decimal gt lt gt afternoon number wife called police number police questioned everyone number wife sir sleeping murder took place number cook cooking number gardener picking vegetables number house maid went number post office number children went number play number neighbour went number marriage police arrested murderer immediately reply reason u r brilliant
0,dear reach
0,aww first time u said u missed without asking missed u first love
0,ok thanx gd nite number
0,come right ahmad
0,lol please actually send pic right wanna see pose comb hair dryer something
0,fps
0,huh means computational science like dat one push n
0,could read love answered
0,oh lk tt den take e one tt ends cine lor dun wan yogasana oso
0,madam regret disturbance might receive reference check dlf premarica kindly informed rgds rakhesh kerala
1,sms services inclusive text credits pls gotto url login number qxj number unsubscribe stop extra charge help number comuk number cm number ae
0,oic better quickly go bathe n settle
0,err cud going number pm got way contact
0,bloo bloo bloo miss first bowl
0,lmao fun
0,oh k k big hitter anyway good
0,hey almost forgot happy b day babe love ya
1,valentines day special win number quiz take partner trip lifetime send go number number p msg rcvd custcare number
0,think move lt gt week
0,find sent offline message know anjola
1,guess first time created web page url read wrote waiting opinions want friend number number
0,txting driving
0,good lets thank god please complete drug lots water beautiful day
0,really dun bluff leh u sleep early nite
0,indians r poor india poor country says one swiss bank directors says lt gt lac crore indian money deposited swiss banks used taxless budget lt gt yrs give lt gt crore jobs indians village delhi number lane roads forever free power suply lt gt social projects every citizen get monthly lt gt lt gt yrs need world bank amp imf loan think money blocked rich politicians full rights corrupt politicians itna forward karo ki pura india padhe g
0,uncle boye need movies oh guide plus know torrents particularly legal system slowing gr number day plus started cos dont meet online honey moon
0,oh ya ya remember da
0,btw regarding really try see anyone else number th guy commit random dude
1,ur chance win number cash every wk txt play number c url custcare number number x number p wk
0,busy juz dun wan number go early hee
0,rightio number number well arent bright early morning
0,great church holla get
0,back brum thanks putting us keeping us happy see soon
0,donno scorable
0,lt gt great loxahatchee xmas tree burning update totally see stars
0,yes dont care need bad princess
0,guy kadeem selling since break know one guy paranoid fuck like selling without til late tonight
0,tmr brin lar aiya later come n c lar mayb neva set properly got da help sheet wif
0,u knw dis lt gt
0,dun believe wat
0,k give back thanks
0,know complain num bettr directly go bsnl offc nd apply
0,okay seen pick friday
0,much payed suganya
0,left dessert u wan number go suntec look number u
0,abeg make profit start using get sponsors next event
0,onum ela pa normal
0,k k sister kids
0,cool text way
0,nope meanwhile talk say make greet
0,cant talk call dont keep calling
0,anything lar
0,rose needs water season needs change poet needs imagination phone needs ur sms need ur lovely frndship forever
0,good afternoon babe goes day job prospects yet miss love sighs
0,pick drop car problem
0,think waste rr
0,world famamus
0,coming friday leave pongal get news work place
0,lol well without could big sale together
0,way
0,eat old airport road number oredi got lot pple
0,sry talk phone parents
0,ok lor wat time finish
0,princess like make love lt gt times per night hope thats problem
0,mm way railway
0,done sorry hope next space gives everything want remember furniture around move lock locks leave key jenne
0,yet like keep touch easiest way barcelona way ru house
1,sppok ur mob halloween collection nokia logo pic message plus free eerie tone txt card spook number
1,urgent call number landline complementary number tenerife holiday number number cash await collection sae cs po box number wa number px number ppm number sender hol offer
0,k evening da urgent
0,pansy living jungle two years driving worried
0,mm kanji dont eat anything heavy ok
0,promise getting soon text morning let know made ok
0,lol different go trying find every real life photo ever took
0,dont thnk wrong calling us
0,k ill drink pa need srs model pls send mail id pa
0,aiyah e rain like quite big leh drizzling least run home
0,number docs appointments next week tired shoving stuff ugh normal body
0,dun b sad dun thk abt already concentrate ur papers k
0,greetings consider excused
0,drama pls enough family struggling hot sun strange place reason ego going invited actually necessity go wait serious reppurcussions
0,released another italian one today cosign option
0,mu try figure much money everyone gas alcohol jay trying figure weed budget
1,winner valued network customer hvae selected receive number reward collect call number valid number hours acl number pm
0,hcl chennai requires freshers voice process excellent english needed salary upto lt gt call ms suman lt gt telephonic interview via indyarocks com
0,dai da send resume id
0,know lt gt around number
0,yup finished c
0,remember ask alex pizza
0,da today also forgot
0,ola would get back maybe today told direct link us getting cars bids online arrange shipping get cut u partnership u invest money shipping takes care rest u wud b self reliant soon dnt worry
0,fwiw reason around time smoke gas afford around someone tells apparently happens somebody wants light
0,hello boytoy made home constant thought love hope nice visit wait till come home kiss
0,congrats kano whr treat maga
0,u talking
0,yup
0,u wake already wat u u picking us later rite taking sq number reaching ard number smth number like dat u check e arrival time c ya soon
0,yunny walking citylink faster come hungry
0,er yep sure props
0,hiya u paying money account thanks got pleasant surprise checked balance u c get statements number acc
1,u nokia number plus free digital camera u get u win free auction take part send nokia number pobox number number tcr w number
0,ok ill send lt decimal gt ok
0,bognor splendid time year
0,yes office da
0,ok ask abt e movie u wan ktv oso
0,misplaced number sending texts old number wondering heard year best mcat got number atlanta friends
0,dunno lei might b eatin wif frens wan eat wait number lar
1,free entry number weekly comp send word win number number c url
0,u noe number send files number computers
0,mmmmm loved waking words morning miss love hope day goes well happy wait us together
0,jay says put lt gt
0,come sec somebody want see
0,sun anti sleep medicine
0,happening gotten job begun registration permanent residency
0,yup ok
0,glad went well come number plenty time claire goes work
0,ok enjoy r u home
0,pls pls send mail know relatives coming deliver know costs risks benefits anything else thanks
0,like
0,haf combine n c lor
0,monthly amount terrible pay anything till number months finishing school
0,hmmm many players selected
0,said gonna snow start around number number pm tonite predicting inch accumulation
0,dont send plus mode
0,aiyo please got time meh
0,package programs well
0,sister belongs number family hope tomorrow pray number fated number shoranur train incident lets hold hands together amp fuelled love amp concern prior number grief amp pain pls join dis chain amp pass stop violence women
0,guys asking get slippers gone last year
0,company good environment terrific food really nice
1,text number get ringtones logos games url questions email
0,honestly made lovely cup tea promptly dropped keys burnt fingers getting
0,yup studying surfing lor e lazy mode today
0,please sen kind advice please come try
0,done c
0,oh fine tonight
0,give time walk
0,reach ard number mins ok
1,freemsg awarded free mini digital camera reply snap collect prize quizclub opt stop number p wk sp rwm ph number
0,fuck babe happened come never came back
1,message brought gmw ltd connected
0,friends want drive em someplace probably take
0,also thk fast xy suggest one u dun wan ok going number rain leh got gd
0,still getting goods
0,maybe pressies
0,yeah leave maybe number ish
0,told dr appt next week thinks gonna die told check nothing worried listen
0,room need
0,dont want hear anything
0,hey leave friday wait ask superior tell
0,ultimately tor motive tui achieve korli
0,number number work timing
0,worry finished march ish
0,house water dock boat rolled newscaster dabbles jazz flute behind wheel
1,congrats number mobile number g videophones r call number videochat wid ur mates play java games dload polyph music noline rentl bx number ip number number number p
1,next amazing xxx picsfree number video sent enjoy one vid enough number day text back keyword picsfree number get next video
0,thats going ruin thesis
0,sch neva mind u eat number st lor
0,hey whats u sleeping morning
0,erm thought contract ran number th october
0,dunno lets go learn pilates
1,u subscribed best mobile content service uk number per ten days send stop number helpline number
0,yup elaborating safety aspects issues
1,number free tarot texts find love life try number free text chance number number free msgs number number
0,goodmorning today late number hr
0,hi happy birthday hi hi hi hi hi hi hi
0,outside office take
0,respond imma assume still asleep imma start calling n shit
0,aight see bit
0,superior telling friday leave department except leave way call waheed fathima hr conform
1,join uk horniest dogging service u sex number nite sign follow instructions txt entry number email
0,lol take member said aunt flow visit number months cause developed ovarian cysts bc way shrink
0,still work going small house
0,friend got says upping order grams got lt gt get
0,tmr timin still da wat cos got lesson number
0,thing apes u fight death keep something minute u let go thats
0,gonna able late notice home weeks anyway plans
0,got fujitsu ibm hp toshiba got lot model say
0,okie thanx
0,gosh pain spose better come
0,usual iam fine happy amp well
0,okie
0,gonna get rimac access
0,im arestaurant eating squid number number wanna dosomething late
0,call times job today ok umma ask speed
0,hello u call wen u finish wrk fancy meetin wiv u tonite need break dabooks number hrs last nite number today wrk
0,r u sam p eachother meet go number house
0,yeah lol luckily starring role like
0,hello madam
0,awesome text restocked
1,knock knock txt whose number enter r weekly draw number number gift voucher number store yr choice cs url age number stoptxtstop number number week
0,yes innocent fun
0,thanks sending mental ability question
0,sir hope day going smoothly really hoped wont bother bills settle month extra cash know challenging time also let know
0,number marrow wed lt gt number aha
0,went ur hon lab one
0,hey pple number number number nights excellent location wif breakfast hamper
1,forwarded number hi mailbox messaging sms alert number matches please call back number retrieve messages matches cc number p min
0,come
0,lol nah bad thanks good b home quite reality check hows ur day u anything website
0,ok lor
0,coming home number dinner
0,da al r lt gt
1,free ring tone text polys number every week get new tone number yrs number number wk
0,unni thank dear recharge rakhesh
0,know lacking particular dramastorm details part worried
0,haha cant tmr forfeit haha
0,hey glad u r better hear u treated urself digi cam good r number pm fab new year c u coupla wks
0,way going back
1,urgent mobile number xxx number number bonus caller prize number number number number nd attempt reach call number asap box number n number qp number ppm
0,cal sir meeting
0,love hear v see sundayish
0,sorry da thangam sorry held prasad
0,tiwary rcb battle bang kochi
0,thank god bed
0,cancer moms making big deal regular checkup aka pap smear
0,gobi arts college
0,wants talk
0,pandy joined number w technologies today got job
1,guaranteed latest nokia phone number gb ipod mp number player number prize txt word collect number ibhltd ldnw number h number p mtmsgrcvd number
0,try get lost fact tee hee
0,friends use call
0,em olowoyey usc edu great time argentina sad secretary everything blessing
0,taxt massage tie pos argh ok lool
0,hi please get lt gt dollar loan pay back mid february pls
0,might want pull case plan spending much confidence derek taylor money management
0,like shaking booty dance floor
0,text get call phones problems
0,need drug anymore
0,sorry da thought calling lot times lil busy call noon
0,sarcasm nt scarcasim
0,great run ttyl
0,feel like trying kadeem v
0,dai lt gt naal eruku
0,yet chikku wat abt u
0,want finally lunch today
0,know dad back
1,hello darling today would love chat dont tell look like sexy
1,number free number st week number nokia tone number ur mob every week txt nokia number get txting tell ur mates url pobox number w number wq norm number p tone number
0,remains bro amongst bros
0,r u meeting da ge nite tmr
0,nice day impressively sensible went home early feel fine boring remember
0,de looking good
1,wanna get laid number nite want real dogging locations sent direct ur mobile join uk largest dogging network txt park number nyt ec number number lp number number msg
1,tried contact response offer new nokia fone camcorder hit reply call number delivery
0,yes replied mail going management office later plus bank later also wednesday
0,cool come like lt gt ish
0,super msg da nalla timing
0,good afternoon boytoy feeling today better hope good boy obedient slave please queen
0,number ft good combination
0,sick needy want pouts stomps feet pouts stomps feet want slave want
0,train back northampton afraid
0,abj serving staying dad alone
0,playng number doors game gt racing phone lol
1,new tones week include number mcfly ab number sara jorge shock number smith switch order follow instructions next message
0,da bus going home
0,got call landline number asked come anna nagar go afternoon
0,okay chasing dream good next
0,yupz oredi booked slots number weekends liao
1,urgent trying contact u todays draw shows number prize guaranteed call number land line claim c number valid number hrs
0,r many model sony ericson also der lt gt luks good bt forgot modl
0,yes know cheesy songs frosty snowman
0,ya ok vikky vl c witin lt gt mins il reply u
1,sports fans get latest sports news str number ur mobile number wk free plus free tone txt sport number url number norm number txt number p
0,hey tmr meet bugis number
1,urgent urgent number free flights europe give away call b number th sept take friend number free call claim number ba number nnfwfly number ppm
0,nice new shirts thing wear nudist themed mu
0,hey sexy buns day word morning ym think
0,whenever see still hook
0,nope going home go pump petrol lor like going number rain soon
0,use foreign stamps whatever send
1,number lost number help
0,oh baby house come dont new pictures facebook
0,feb lt gt love u day send dis ur valued frnds evn number comes back u gt married person u luv u ignore dis u lose ur luv number evr
0,hiya sorry hav signal seen heard neither unusual put case get sort hugs snogs
0,omw back tampa west palm hear happened
0,yup already thanx number printing n handing
1,freemsg fancy flirt reply date join uks fastest growing mobile dating service msgs rcvd number p optout txt stop number reply date
0,mean come chase stated watch many movies want
0,took tablets reaction morning
1,great new offer double mins double txt best orange tariffs get latest camera phones number free call mobileupd number free number number stoptxt cs
0,nah perpetual dd
0,sorry de went shop
1,hope enjoyed new content text stop number unsubscribe help number p provided tones number co uk
0,hey still want go yogasana coz end cine go bathe hav steam bath
0,nope drivin neva develop da photos lei
0,thinking going reg pract lessons flung advance haha wat time u going
0,cool lt gt inches long hope like big
0,house maid murderer coz man murdered lt gt th january public holiday govt instituitions closed including post office understand
0,okie thanx
0,go n buy juz buy get lar
0,working technical support voice process
0,justbeen overa week since broke already brains going mush
0,tunde wishing great day abiola
0,nope c
0,medical missions nigeria
0,movies laptop
1,urgent please call number landline number cash luxury number canary islands holiday await collection cs sae award number number aq number ppm number
1,urgent please call number landline complimentary number lux costa del sol holiday number cash await collection ppm number sae cs james number eh number rr
0,havent lei next mon
0,mm feeling sleepy today shall get dear
0,dare stupid wont tell anything hear wont talk
0,noe ben going
0,mag meeting avo point
0,meant middle left right
0,really crashed cuddled sofa
0,hi chachi tried calling u unable reach u pl give missed cal u c tiz msg kanagu
0,sent prices mean lt gt g
0,nothing
0,working ringing u thing whole houseful screaming brats pulling hair loving u
0,family responding anything room went home diwali one called coming makes feel like died
0,tick tick tick babe
0,r going number today meeting
0,k da many page want
0,ya onion roast
0,send number give reply tomorrow morning said like ok
0,said problem let know
0,ok tell half hr b number u come need number prepare
0,play w computer aiyah tok number u lor
0,sat right okay thanks
0,derp worse dude always wants party dude files complaint three drug abusers lives
0,ok chinese food way get fat paying lipo
0,r outside already
0,good trip watch remember get back must decide easter
0,yo watching movie netflix
0,time prob number
0,meh thgt clash really ah dun mind dun seen lost weight gee
0,arr birthday today wish get oscar
0,open rebtel firefox loads put plus sign user name place show two numbers lower number number pick number pin display okay
0,picking various points
1,married local women looking discreet action number real matches instantly phone text match number msg cost number p number stop txt stop bcmsfwc number n number xx
0,wow v v impressed funs shopping
0,way ur home
1,burger king wanna play footy top stadium get number burger king number st sept go large super coca cola walk winner
0,problem talk later
0,ur sis
0,still customer place
1,come takes little time child afraid dark become teenager wants stay night
0,dude u knw also telugu thts gud k gud nyt
0,confirm eating esplanade
0,send id password
0,kind took garage centre part exhaust needs replacing part ordered n taking fixed tomo morning
1,ur chance win number cash every wk txt action number c url custcare number number x number p wk
0,well might come
0,long quit get like number minutes day
0,likely called mittelschmertz google dont paracetamol dont worry go
0,well right gonna get check today steam sales pee text want come get
0,arrived see couple days lt number
0,k wat tht incident
0,yeah get unlimited
0,cthen thk shd b enuff still got conclusion n contents pg n references b da contents pg n cover pg
0,forgot takes number years shower sorry phone dead yet
0,got wat buy tell us need come
0,big god bring success
1,u bin awarded number play number instant cash call number claim every number th player wins min number number optout number
0,r stayin extra week back next wed rugby weekend hi c u soon ham
0,campus library
0,affidavit says lt gt e twiggs st division g courtroom lt gt lt time gt double check text tomorrow
0,creep
0,get ten billion calls texts help god
0,told returned order
0,house maid murderer coz man murdered lt gt th january public holiday govt instituitions closed including post office
0,depends u going lor
0,smile right go world wonder smiling think crazy keep away grins
1,freemsg fav xmas tones reply real
0,lil fever fine
0,think still car
0,
1,december mobile number mths entitled update latest colour camera mobile free call mobile update co free number
0,yes princess want catch big strong hands
0,oh yeah forgot u take number shopping
0,mm asked call radio
0,thinkin someone good drugs
0,enjoy showers possessiveness poured u ur loved ones bcoz world lies golden gift loved truly
0,alright sure let know leaving
0,lasting much number hours might get lucky
0,genius brother pls send number skype
1,gr number poly tones number mobs direct number u rply poly title number eg poly breathe number titles crazyin sleepingwith finest ymca getzed co uk pobox number number w number wq number p
0,thk em find wtc far weiyi goin e rest dunno yet r ur goin number dinner den might b able join
0,forget owns private property good boy always passionate kiss
1,interflora late order interflora flowers christmas call number place order midnight tomorrow
0,oh god taken teeth paining
1,romcapspam everyone around responding well presence since warm outgoing bringing real breath sunshine
0,u ask darren go n pick u lor oso sian tmr haf number meet lect
0,need buy lunch eat maggi mee
1,congratulations thanks good friend u number number xmas prize number claim easy call number number p per minute bt national rate
0,oh right ok make sure loads work day got really nasty cough today dry n shot really help
1,send logo number ur lover number names joined heart txt love name number name number mobno eg love adam eve number number yahoo pobox number w number wq txtno number ads number p
0,thanx number sending home
0,normally hot mail com see
1,tkts euro number cup final number cash collect call number b number pobox number ppm
0,u sick still go shopping
0,ya well fine bbd pooja full pimples even become quite black ur rite cold wearing sweatter
0,nice nice working
0,number reach home call
0,trying find chinese food place around
0,easy mate guess quick drink bit ambitious
0,babe miiiiiiissssssssss need crave geeee sad without babe love
0,ok thanx
0,tunji queen wishing great day abiola
0,today iz yellow rose day u love frndship give number misscall amp send ur frndz amp see many miss calls u get u get number missed u marry ur lover
0,class hours sorry
0,wat time u finish ur lect today
1,free message jamster get crazy frog sound poly text mad number real text mad number number number crazy sounds number gbp week number c apply
1,chance reality fantasy show call number number p per min ntt ltd po box number croydon cr number wb number national rate call
0,fine good hear dear happy new year oh
0,going wipro interview today
0,tall princess
0,doubt could handle number times per night case
0,haha hope hear receipt sound gd luck
0,gonna death gonna leave note says robs fault avenge
0,japanese proverb one u none u must indian version one let none leave finally kerala version one stop none make strike
0,today workin free oso gee thgt u workin ur fren shop
0,life face choices toss coin becoz settle question coin air u know heart hoping gudni number
0,want kiss feel next
0,happy saying
1,adult number content video shortly
0,ok would b lovely u r sure think wot u want drinkin dancin eatin cinema u wot
0,saying explicitly told nora know someone probably gonna bother
0,smith waste da wanna gayle
0,mum sent many many messages since got want know actually getting enjoy rest day
0,aight tomorrow around lt gt
1,chance reality fantasy show call number number p per min ntt ltd po box number croydon cr number wb number national rate call
0,actually first time went bed long spoke woke number night
0,see
0,dont understand message
0,crucify c told earlier
0,idk keep saying since moved keep butting heads freedom vs responsibility tired much shit deal barely keeping together gets added
0,fuck cedar key fuck come anyway tho
0,twenty past five said train durham already coz reserved seat
1,hey boys want hot xxx pics sent direct number ur phone txt porn number number hrs free number p per day stop text stopbcm sf wc number n number xx
0,u still painting ur wall
0,printer cool mean groovy wine groovying
0,hi harish rent transfred ur acnt
0,anything lor coming
0,cbe really good nowadays lot shop showrooms city shaping good
0,still attending da talks
0,probs hon u doinat mo
0,k take care
0,take phone callon friday assume year
0,battery low babe
0,shuhui bought ron present swatch watch
0,yeah quite bit left swing tomorrow get
0,babe said number hours almost number internet
0,k sure get noon see
0,k k yesterday cbe
0,went ganesh dress shop
1,pdate double mins number txts orange tariffs latest motorola sonyericsson nokia bluetooth free call mobileupd number number call number optout yhl
0,collecting ur laptop going configure da settings izzit
0,aight number latest probably closer number jay tyler two trips
0,come aftr lt decimal gt cleaning house
1,ur cash balance currently number pounds maximize ur cash send cash number number p msg cc number po box number number tcr w number
0,bill letters expecting one orange bill may still say orange
0,tell pa pain de
0,hi darlin hope nice night wish come cant wait see love fran ps want dirty anal sex want number man gang bang
0,ha know either clever simple thing pears day perfect christmas
0,helloooo wake sweet morning welcomes enjoy day full joy gud mrng
0,alrite
0,must sit around wait summer days celebrate magical sight worlds dressed white oooooh let snow
1,urgent mobile number awarded number prize guaranteed call number land line claim number valid number hrs
0,guys go see movies side
0,tell thinking plus going stop runs
0,kindly send one flat lt decimal gt today
1,sorry u unsubscribe yet mob offer package min term number weeks pls resubmit request expiry reply themob help number info
0,nothing lor bit bored dun u go home early number sleep today
0,time tell friend around
0,yes fine love safe
0,thanks chikku gud nyt
0,xy ur car u picking
0,thanx number time spent number geva bin mint ur baby want u xxxx
0,yo way could pick something tonight
0,sent send
0,fine simply sitting
0,thts god gift birds humans hav natural gift frm god
0,coming day class
0,im done studyn library
0,ok u enjoy ur shows
0,anything
0,wuld without baby thought alone mite break wanna go crazy everyboy needs lady xxxxxxxx
0,wat dear sleeping ah
0,hi test lt gt rd
0,number students solved cat question xam number number number lt gt number number number lt gt number number number lt gt number number number tell answer u r brilliant number thing got answr
0,yo know anyone lt gt otherwise able buy liquor guy flaked right get hold somebody number loko night
0,yup n fren lor meeting fren number
0,yeah got one lined us
0,stop wondering wow ever going stop tm ing tm whenever want mine laughs
0,lol yep yesterday already got fireplace another icon sitting
0,hey booked pilates yoga lesson already haha
0,ok happen behave like
1,number new message please call number
0,supervisor find number one lor thk students havent ask yet tell u aft ask
0,hello news job making wait fifth week yeah im woozles weasels exeter still home number
1,currently message awaiting collection collect message call number
0,hey babe sorry get sooner gary come fix cause thinks knows go far ptbo says cost lt gt bucks know might cheaper find someone second hand machines right let know want babe
0,make number number fucks sake x
0,leave u always ignorant
0,nope b going number sch fri quite early lor cos mys sis got paper da morn
0,bruce b downs amp fletcher
0,said would woke
0,hey free call
0,tell whos pls
1,urgent mobile awarded number number bonus caller prize number number number final attempt number contact u call number
0,think might give miss teaching til twelve lecture two damn working thing
0,id check like number bowls worth left
0,yes many sweets
0,would still cozy exhausted last night nobody went school work everything closed
0,buzzzz grins buzz ass buzz chest buzz cock keep phone vibrator feel shake
0,sir send group mail check
0,da intro covers energy trends n pros n cons brief description nuclear fusion n oso brief history iter n jet got abt number n half pages
0,none nowhere ikno doesdiscount shitinnit
0,dont know jabo abi
1,ever notice driving anyone going slower idiot everyone driving faster maniac
0,yet ya sapna aunty manege day hogidhe chinnu full weak swalpa black agidhane
0,good baby
0,mostly sports type lyk footbl crckt
0,head dey swell oh thanks making day
0,u make fb list
0,sary need tim bollox hurt lot tol
0,happy new year princess
0,text carlos let know hang
0,worry easy ingredients
0,love u number little pocy bell sorry love u
0,ok omw castor
0,yar lor keep raining non stop u wan number go elsewhere
1,xmas offer latest motorola sonyericsson nokia free bluetooth dvd double mins number txt orange call mobileupd number number call number optout number qf number
0,u mean u almost done done wif sleeping tot u going take nap yup send liao picking ard number smth lor
0,tonight yeah
0,eat fo lunch senor
0,said right giggle saw u would possibly first person number die nvq think much could
0,break time one come n get stuff fr
1,reply win number weekly professional sport tiger woods play send stop number end service
0,see see maybe reboot ym seen buzz
0,still grinder
1,number polyphonic tone number ur mob every week txt pt number number number st tone free get txtin tell ur friends number p tone number reply hl number info
0,k see k
0,list buyers
0,idea guess work hour supposed leave since usual nobody interest figuring shit last second
0,mm entirely sure understood text hey ho weekend
0,released vday shirts u put makes bottom half naked instead white underwear
0,know watching film computer
0,b number thursday
0,oh phone phoned disconnected
0,id onluy matters getting offcampus
1,message free welcome new improved sex dogging club unsubscribe service reply stop email number
0,excellent see riley plans
0,ew one
0,also hi wesley
0,ah see lingo let know wot earth finished making
1,update number mths half price orange line rental number mins call mobileupd number number call number optout j number q
0,imagine life without see fast u searching worry l always disturb u goodnoon
0,hm good morning headache anyone
0,yeah probs last night obviously catching speak soon
1,free unlimited hardcore porn direct number mobile txt porn number get free access number hrs email per day txt stop number exit msg free
0,might go number sch yar e salon v boring
0,lt gt mins stop somewhere first
0,lt gt fast approaching wish u happy new year happy sankranti happy republic day happy valentines day happy shivratri happy ugadi happy fools day happy may day happy independence day happy friendship mother father teachers childrens day amp happy birthday number u happy ganesh festival happy dasara happy diwali happy christmas lt gt good mornings afternoons evenings nights rememberi first wishing u raj
0,one joys lifeis waking daywith thoughts somewheresomeone cares enough tosend warm morning greeting
0,get second half message
0,wat time u wan number meet later
0,thank much selflessness love plenty
0,film ill call later
0,dare change ring
0,bad girl lady
0,love ya try budget money better babe gary would freak knew
0,part initiate understand
0,finished lunch already u wake already
0,still game
0,got tallent wasting
0,record one night
0,also sir sent email log usc payment portal send another message explain things back home great weekend
0,gonna let know cos comes bak holiday day coming number get number text number
0,jokin lar depends phone father get lor
0,aight lemme know
0,get ready lt gt inches pleasure
0,ok feel like john lennon
0,cos darren say considering mah ask
0,bothering trust answers pls
0,one day crab running sea shore waves came n cleared footprints crab crab asked frnd r u clearing beautiful footprints waves replied fox following ur footprints catch thats cleared frndsship never lets u dwn gud nyt
0,aight time want come
0,slaaaaave must summon time wish come anymore
0,bill number number number thats bad
0,let know changes next number hrs even appendix age range however impossible chill let know number hrs
0,hello yeah got bath need hair come done yeah
0,weather
0,ok much though h friday cant wait dunno wot hell im gonna another number weeks become slob oh wait already done
0,die e toot fringe
0,lol know awesome phone could click delete right want
0,awesome question cute answer someone asked boy ur life smiled amp answered fine gudnite
0,please leave topic sorry telling
0,pls send correct name da
0,happened yo date
0,webpage available
0,woke yeesh late fall asleep til lt gt
1,unsubscribed services get tons sexy babes hunks straight phone go url subscriptions
0,dear know lt gt th lt gt th birthday loving gopalettan planning give small gift day like participate welcome please contact admin team details
0,k k tomorrow onwards started ah
0,u talking bout early morning almost noon
0,fine remember
1,hi babe jordan r u im home abroad lonely text back u wanna chat xxsp visionsms com text stop stopcost number p number
0,ok many buy
0,sounds good keep posted
1,get brand new mobile phone agent mob plus loads goodies info text mat number
0,ok april cant wait
0,boy best get yo ass quick
0,ay wana meet sat wkg sat
0,wait till number bus pick
0,apart one told yesterday
0,ok lor buy wat
0,somebody go andros steal ice
0,know msg recently
0,take us shopping mark distract isaiah
0,mum hope great day hoping text meets well full life great day abiola
0,sense foot penis
0,okay thought expert
0,deep sigh miss really surprised gone net cafe yet get miss
0,thinl role like sachin standing others hit
0,great trip india bring light everyone project everyone lucky see smile bye abiola
0,importantly discuss u
0,k k training process
0,ok lor ned number go toa payoh number number return smth u wan number send wat
0,da car park
0,wish holding tightly making see important much mean much need life
0,asked anthony dad bf
0,wnevr wana fal luv vth books bed fals luv vth yen madodu nav pretsorginta nammanna pretsovru important alwa gud eveb
0,going take bath ill place key window
1,lord rings return king store reply lotr number june number chance number win lotr soundtrack cds stdtxtrate reply stop end txts
0,dear take care reaching home love u lot
0,staff science nus edu sg phyhcmk teaching pc number
0,emigrated something ok maybe number number bit hopeful
0,olol printed forum post guy exact prob fixed gpu replacement hopefully dont ignore
0,walked moms right stagwood pass right winterstone left victors hill address lt gt
0,yo jp hungry like mofo
0,creepy crazy
0,ok din get ur msg
0,pathaya enketa maraikara pa
0,even friend priest call
0,u lousy run already come back half dead hee
0,said bad dat e gals know u wat u
0,remind hrs
0,hoping would send message rent due dont enough reserves completely gone loan need hoping could balance lt gt way could get till mid march hope pay back
0,hi happy new year dont mean intrude pls let know much tuition paid last semester much semester thanks
0,hello hun ru way im good number dates guy met walkabout far meet soon hows everyone else
0,lol gonna last month cashed left lt gt case collecting week cause announced blog
1,good luck draw takes place number th feb number good luck removal send stop number customer services number
0,short cute good person
0,decided yet eh
0,wat time liao still got
0,yes watching footie worried going blow phil neville
0,wait number inside da car park
0,uncle abbey happy new year abiola
0,free call pa
0,r u saying order slippers cos pay returning
0,stop knowing well
0,good evening roger
0,small problem auction punj asking tiwary
0,telling tell one treat hi hi hi
1,number st wk free gr number tones str number u wk txt nokia number classic nokia tones hit number polys nokia number p poly number p number
0,u coming number pick
0,thats cool liked photos sexy
0,would u fuckin believe didnt know thurs pre booked cancelled needs b sacked
0,haha better late ever way could swing
0,ok finish number
1,lookatme thanks purchase video clip lookatme charged number p think better send video mmsto number
0,barred b q stores life twat orange dungerees came asked wanted decking got first punch
0,messages food
0,ok going sleep hope meet
0,let know details fri u find cos tom fri mentionned chinese thanks
0,right think
0,wat r u
0,ur lecture
1,sexy sexy cum text im wet warm ready porn u fun msg free recd msgs number p inc vat number cancel text stop
0,customer place call
0,planned yet going join company jan number know happen
0,boy love u grl hogolo boy gold chain kodstini grl agalla boy necklace madstini grl agalla boy hogli number mutai eerulli kodthini grl love u kano
0,haha heard text around
0,get tomorrow send
0,shit babe thasa bit messed yeh
0,oh thats late well good night give u call tomorrow iam going go sleep night night
0,cheers u tex mecause u werebored yeah okden hunny r uin wk sat sound likeyour havin gr number fun j keep updat countinlots loveme xxxxx
0,sorry meeting call later
0,yo howz u girls never rang india l
0,yeah worse
0,tagged friends seemed count friends
0,long time remember today
0,havent shopping lor juz arrive
0,thank u better work cause feel used otherwise
0,challenge know
0,much ur hdd casing cost
0,mystery solved opened email sent another batch sweetie
0,describe lucky actually awake noon
1,number nd time tried contact u u number prize claim call number b number cs stop sms number number ppm
0,cheers card time year already
0,ugh hopefully asus ppl dont randomly reformat
0,seen facebook huh lol
0,mah b pick tomorrow
0,still otside le u come number morrow maga
0,u still plumbers tape wrench could borrow
1,dear voucher holder claim weeks offer pc please go url ts cs apply
0,vl bcum difficult
0,havent still waitin usual come back sch oredi
0,meeting da call
0,k k watch films
0,cinema plus drink appeal tomo fr thriller director like mac number number
0,size elephant tablets u shove um ur ass
0,many people seems special first sight remain special till last sight maintain till life ends take cr da
0,parents kidz friends n colleagues screaming surprise waiting sofa naked
0,dunno juz askin cos got card got number number salon called hair sense tot da one cut ur hair
0,good morning pookie pie lol hope wake u
0,maybe woke fucking number problem
0,happy birthday dear lots love rakhesh nri
1,number nd time tried number contact u u number pound prize number claim easy call number number p per min bt national rate
0,x number lt gt going get
0,hi neva worry bout da truth coz truth lead number ur heart least unique person like u deserve sleep tight morning
1,ur awarded city break could win number summer shopping spree every wk txt store number skilgme tscs number winawk age number number number perwksub
0,ur paper today e morn aft
0,lick every drop ready use mouth well
0,expect whenever text hope goes well tomo
0,great p diddy neighbor comes toothpaste every morning
0,av new number wil u use one ta
0,poking man everyday teach canada abi saying hi
0,number lor change number suntec wat time u coming
0,de seeing online shop asked
0,curious cuz asked
0,okay lor wah like def wont let us go haha say terms conditions
0,haha yup hopefully lose kg mon hip hop go orchard weigh
0,good r u working
0,oh yes little weather kind coccooning home
0,home also
0,phone weirdest auto correct
0,oops phone died even know yeah like better
0,havent mus ask u number st wat meet number lunch den u n meet already lor u wan number go ask da ge number st confirm w asap
0,said u mind go bedroom minute ok sed sexy mood came number minuts latr wid cake n wife
0,oh yeah hav great time newquay send postcard number look girls im gone u know number im talkin bout xx
0,got divorce lol
0,ur pin
0,babe got enough money pick bread milk give back get home
0,want snow freezing windy
1,urgent trying contact u todays draw shows number prize guaranteed call number land line claim number valid number hrs
0,come mahal bus stop lt decimal gt
0,know week going tirunelvai da
0,baby promise treat well bet take good care
0,like hotel dusk game think solve puzzles area thing
1,thanks ringtone order reference number x number mobile charged number number tone arrive please call customer services number
0,hi love goes day fuck morning woke dropped cell way stairs seems alright phews miss
0,well must pain catch
0,sorry da thangam mistake
0,need coz never go
0,rose red red blood blood heart heart u u send tis ur friends including u like u get back number u r poor relation number u need number support number u r frnd number many number number luvs u number number praying god marry u try
1,ur cash balance currently number pounds maximize ur cash send collect number number p msg cc number po box number number tcr w number
0,feel like dick keep sleeping texts facebook messages sup town
0,plm come da way
0,guess wants alone time could show watch
0,height recycling read twice people spend time earning money money spent spending time good morning keep smiling
0,yup comin
0,yes princess toledo
0,aight text back mu swing need somebody get door
0,ron say fri leh n said ding tai feng cant make reservations said wait lor
0,good swimsuit allowed
0,okay soon best
0,cute thought friendship necessary share every secret ur close frnd
0,ok sent u da latest version da project
0,pls accept one day begging change number
0,squeeeeeze christmas hug u lik frndshp den hug back u get number u r cute number u r luvd number u r lucky none people hate u
0,ok anybody asks abt u tel p
0,funny fact nobody teaches volcanoes number erupt tsunamis number arise hurricanes number sway aroundn number teaches hw number choose wife natural disasters happens
0,gonna ring weekend wot
0,also track lighters find
0,babe need advice
0,leave around four ok
0,come medical college number pm forward da
0,k k good going
0,make lasagna vodka
0,hi kate u give ring asap xxx
0,people tour thought sofa thing sent curious sugar
0,told going got drunk
0,fucking chickened messaged would late woould buzz hear word
1,congratulations thanks good friend u number number xmas prize number claim easy call number number p per minute bt national rate
0,always looking excuse city
0,yup still coffee wif frens fren drove give lift
0,shore takin bus
0,u gonna get deus ex
0,send email mind lt gt times per night
1,number want new nokia number colour phone deliveredtomorrow number free minutes mobile number free texts free camcorder reply call number
0,tap spile seven pub gas st broad st canal ok
0,ok come n pick u engin
0,never wanted tell short edge late
0,raviyog peripherals bhayandar east
0,k actually guys meet sunoco howard right way
0,moon come color dreams stars make musical sms give warm peaceful sleep good night
0,finished eating got u plate leftovers time
0,thanx lot
0,hurry home u big butt hang last caller u food done starving ask cooked
0,lol right diet everyday cheat anyway meant fatty
0,great day beautiful one
0,happened interview
0,badrith chennai surely pick us competition
0,tot group mate lucky havent reply wat time need leave
0,hey around got enough half ten owe
0,hey tmr maybe meet yck
0,alrite sam nic checkin ur number b
0,making easy pay back lt gt yrs say pay back earlier get
0,worry sure get
0,gas station like block away house drive right since armenia ends swann take howard
1,someone u know asked dating service number contact cant guess call number revealed pobox number ls number hb number p
1,camera awarded sipix digital camera call number fromm landline delivery within number days
0,tuition number hm go number number one mind
0,smoking people use wylie smokes much justify ruining shit
0,dear good morning feeling dear
0,little meds say take every number hours number pain back took another hope die
0,beautiful tomorrow never comes comes already today hunt beautiful tomorrow waste wonderful today goodmorning
0,dunno lei decide lor abt leona oops tot ben going n msg
0,hi moved number pub would great number c u u cud come
1,todays voda numbers ending number selected receive number award hava match please call number quoting claim code number standard rates app
1,message free welcome new improved sex dogging club unsubscribe service reply stop email number
0,ever easier
1,rct thnq adrian u text rgds vatian
0,stop calling everyone saying might cancer throat hurts talk answering everyones calls get one call babysitting monday
0,tough
0,im gonnamissu much would say il send u postcard buttheres aboutas much chance merememberin asthere ofsi breakin contract luv yaxx
0,ee msg na poortiyagi odalebeku hanumanji number name number hanuman number bajarangabali number maruti number pavanaputra number sankatmochan number ramaduth number mahaveer ee number name lt gt janarige ivatte kalisidare next saturday olage ondu good news keluviri maretare inde number dodda problum nalli siguviri idu matra lt gt true neglet
0,hi darlin finish number u number pick meet text back number luv kate xxx
0,set place heart mind mind easily forgets heart always remember wish happy valentines day
0,surprised still guess right lor
0,okie wan meet bishan cos bishan driving today
0,hi darlin work u get trouble ijust talked mum morning really good time last night im goin soon call u
0,know serving mean
0,huh hyde park mel ah opps got confused anyway tt e best choice den juz take
0,oh gei happend tron maybe ill dl number
0,know girls always safe selfish know got pa thank good night
0,worries hope photo shoot went well spiffing fun workage
0,freezing craving ice fml
0,kay since already
0,eh sorry leh din c ur msg sad already lar watching tv u still office
0,yo im right yo work
0,ok darlin supose ok worry much film stuff mate babysit call xx
0,wake since checked stuff saw true available spaces pls call embassy send mail
0,nope juz work
0,huh fast dat means u havent finished painting
0,number u live number
0,put party number days week study lightly think need draw custom checkboxes know hardcore
0,sac score big hundred set batsman
0,send yetty number pls
0,much cost approx per month
0,ok theory test going book think number may coz thought wanna go jiayin isnt free
1,contacted dating service someone know find call land line number pobox number w number tg number p
0,fine give call knows wants questions
0,sorry got late start way
0,u go back urself lor
0,gas station go
0,k u bored come home
0,babe love covers face kisses
0,like made throw smoking friend car one time awesome
0,still checked da
0,go walmart stay
0,forgotten might couple bucks send tomorrow k love ya
0,oh great disturb talk
0,reverse cheating mathematics
0,u welcome caught u using broken english
0,problem baby good time talk called left message
0,oh brand
0,sorry cant take call right happens r number waxsto wat want come ill get medical insurance able deliver basic care currently shopping right medical insurance give til friday morning thats see major person guide right insurance
0,time coming
0,call say coming today ok tell fool like ok
0,emailed yifeng part oredi get fr
0,r u sure understand wine good idea slurp
0,minimum walk number miles day
0,ok problem get taxi c ing tomorrow tuesday tuesday think r going cinema
0,brainless baby doll vehicle sariyag drive madoke barolla
1,sorry missed call let talk time number
0,please attend phone
0,hate call didnt accept even single call mine even messaged
0,messages phone holding
0,free
0,yo trip got postponed still stocked
0,waiting call sir
0,hey reply pa
0,hey elaine today meeting still
0,sorry gone place tomorrow really sorry
0,tiime let hug break tears
0,tomorrow going theatre come wherever u call tell come tomorrow
0,electricity went fml
0,looks like found something smoke great job
0,also andros ice etc etc
0,
0,good afternon love today hope good maybe interviews wake miss babe passionate kiss across sea
0,yup wun believe wat u really neva c e msg sent shuhui
0,hows watch resizing
0,dear umma called
0,finished missing plenty
1,complimentary number star ibiza holiday number number cash needs urgent collection number landline lose box number sk number wp number ppm number
0,well meant opposed drunken night
0,k must book huh going yoga basic sunday
1,free msg billed mobile number mistake shortcode number please call number charges refunded call free bt landline
0,ok
0,oops mum somerset bit far back tomo see soon x
0,u workin overtime nigpun
0,kallis dismissial number nd test
0,guess got screwd
1,please call number immediately urgent message waiting
0,r u cooking dinner
0,bull plan go floating ikea without care world live mess another day
0,buy
1,urgent mobile number awarded number bonus caller prize call number land line valid number hrs
0,heehee funny tho
0,simple arithmetic percentages
0,yeah leave hour least number sound
0,thanks honey great day
0,amazing quote sometimes life difficult decide whats wrong lie brings smile truth brings tear
0,ask dad pick lar wan number stay number meh
0,jus chillaxin
0,hey das cool iknow number wellda peril studentfinancial crisis spk number u l number r
1,want new nokia number colour phone deliveredtomorrow number free minutes mobile number free texts free camcorder reply call number
0,whats coming hill monster hope great day things r going fine busy though
0,joy father john john joy father u ans ths hav lt gt iq tis ias question try answer
0,ill obey
0,didnt search online let know
0,need go get
0,pic please send
0,uhhhhrmm isnt tb test bad youre sick
0,haf enuff space got like number mb
1,life never much fun great came made truly special forget enjoy one gbp sms
1,want new video phone number anytime network mins number inclusive video calls downloads number per week free deltomorrow call number reply
1,valued customer pleased advise following recent review mob awarded number bonus prize call number
1,welcome please reply age gender begin e g number
1,freemsg number month unlimited free calls activate smartcall txt call number subscriptn number gbp wk unlimited calls help number stop txt stop landlineonly
1,mobile number mths update latest orange camera video phones free save free texts weekend calls text yes callback orno opt
1,new number club dont fink met yet b gr number c u please leave msg number day wiv ur area number reply promised carlie x calls number minmobsmore lkpobox number hp number fl
0,true easier
0,sure since parents working tuesday really need cover story
0,haha okay today weekend leh
0,hi darlin youphone im athome youwanna chat
0,know jack shit anything say ask something helpful want pretend text whatever response hypotheticalhuagauahahuagahyuhagga
0,always brainy one
0,yeah get random dude need change info sheets party lt gt number never study safe
1,camera awarded sipix digital camera call number fromm landline delivery within number days
0,christmas occasion celebrated reflection ur values desires affections amp traditions ideal christmas
0,sending greetings joy happiness gr number evening
0,hi darlin cantdo anythingtomorrow myparents aretaking outfor meal u free katexxx
0,india win level series means record
0,plan
0,good hear
0,awesome deal gate charles told last night uh yeah
0,time thinkin goin
1,get free mobile video player free movie collect text go number free extra films ordered c apply number yrs
1,save money wedding lingerie url choose superb selection national delivery brought weddingfriend
0,board working fine issue overheating also reslove still software inst pending come around number clock
0,yes care cause know
0,mon okie lor haha best cheap n gd food la ex oso okie depends whether wana eat western chinese food den u prefer
0,sitting ard nothing lor u leh busy w work
0,lt gt k oh send home sale
0,sorry mail
0,ya telling abt tht incident
0,yes outside like number hours called whole family wake cause started number
0,ugh got outta class
0,nowadays people notixiquating laxinorficated opportunity bambling entropication ever oblisingately opted ur books masteriastering amplikater fidalfication champlaxigating think atrocious wotz ur opinion junna
0,need lar jus testing e phone card dunno network gd thk waiting number sis number finish bathing bathe dun disturb u liao u cleaning ur room
0,ok right later
0,lunch come quickly open door
1,heard u number call night knickers make beg like u last time number xx luv nikiyu number net
0,back bit long cos accident number divert via wadebridge brilliant weekend thanks speak soon lots love
0,k yan jiu liao sat go number bugis vill one frm number number den hop parco number nb sun go cine frm number number den hop orc mrt number hip hop number
1,bloomberg message center number wait apply future url bloomberg com
0,seeking lady street freak sheets
0,phone
0,haha figures well found piece priscilla bowl
0,actually fuck whatever find excuse tampa point january though
0,yay finally lol missed cinema trip last week
0,day working day except saturday sunday
0,heart empty without love mind empty without wisdom eyes r empty without dreams amp life empty without frnds alwys touch good night amp sweet dreams
0,think waiting bus inform get ever get
0,getting back time soon
0,things quick question
0,probably come everybody done around lt gt right
0,got new year cos yetunde said wanted surprise didnt see money returned mid january lt gt day return period ended
0,ask around lot terms mids
0,sure check yahoo email sent photos yesterday
0,looking
0,wherre boytoy
1,want new video phone number anytime network mins number text five pounds per week call number reply delivery tomorrow
0,hello love goes day wish well fine babe hope find job prospects miss boytoy teasing kiss
0,tell bad character u dnt lik try change lt gt add tat number new year resolution waiting ur reply frank good morning
0,yeah probably earlier
0,change windows logoff sound
0,also came room
0,huh got lesson number lei n thinkin going sch earlier n tot parkin kent vale
0,reach office around lt decimal gt amp mobile problem cann get voice call asa free
0,cool text head
1,contacted dating service someone know find call land line number pobox number w number tg number p
1,wan number win meet greet westlife number u number currently tour number unbreakable number untamed number unkempt text number number number number cost number p std text
0,happy birthday may u find ur prince charming soon n dun work hard
0,oh grand bit party mention cover charge probably first come first served
0,said went back bed sleep anything
0,hope arnt pissed id would really like see tomorrow love xxxxxxxxxxxxxx
1,email bank granite issues strong buy explosive pick members number nasdaq symbol cdgt number number per
0,says lt gt year old man money last lt gt still waiting check
0,come ur home
0,free day finish number mon n thurs
0,food
0,life alle mone eppolum oru pole allalo
0,nite
0,two fundamentals cool life walk
0,camera quite good number number mega pixels number optical number digital dooms lovely holiday safe hope hav good journey happy new year see couple weeks
0,hi petey noi ok wanted number chat coz avent spoken number u number long time hope ur doin alrite good nit js love ya x
0,saw ron burgundy captaining party boat yeah
0,serious money base
0,already one guy loving
0,staff placement training amrita college
0,always chat fact need money raise
0,job profile seems like bpo
0,well give cos said one nighters persevered found one cheap apologise advance somewhere sleep isnt
0,think actually talk call boss morning went place last year told could go get car fixed cheaper kept telling today much hoped would come back always regretted getting number etc
0,willing go apps class
0,hanging brother family
0,reach number telling dont know
0,hey going quit soon xuhui working till end month
0,im sorry bout last nite ur fault spouse pmt sumthin u number give think u shldxxxx
0,try neva mate
0,yeah pretty much best case scenario
0,free today haf number pick parents tonite
0,hey babe far number spun number spk da mo dead number da wrld sleeping da sofa day
0,send naughty pix
1,number winner guaranteed caller prize final attempt contact claim call number number ppmpobox number bhamb number xe
1,xmas new years eve tickets sale club day number till number pm thurs fri sat night week selling fast
0,tyler getting number th leave long number get like hour
0,prepare pounded every night
0,actually mobile full msg work online need send lt gt sent msg wil explain u later
0,good evening
0,home please call
0,oic cos n sis got lunch today dad went dunno whether number eat sch wat
0,mmmmm sooooo good wake words morning love mmmm fuck love lion devouring kiss across sea
0,pleased inform application airtel broadband processed successfully installation happen within number days
0,happen dear silent tensed
0,get number unless guys want come time sooner
0,coughing nothing
0,come lt number n pass lar
0,e person e sms survey
0,lol ok ill try send warned sprint dead slow prolly get tomorrow
0,thank meet monday
0,th gower mate r u man good wales ill b back morrow c u wk msg number random
1,rock yr chik get number filthy films xxx pics yr phone rply filth number saristar ltd e number yt number number p per number days stop number cancel
0,got like lt gt get later though get whatever feel like
0,dad wanted talk apartment got late start omw
0,love
0,lol u still feeling sick
0,din tell u jus number
0,eyes philosophy
1,next month get upto number calls number ur standard network charge number activate call number c wire number net number st number terms pobox number number uz cost number number min mobcudb
0,ok lor town lei
0,already sabarish asked go
0,da vijay going talk jaya tv
1,urgent trying contact u todays draw shows number prize guaranteed call number land line claim j number po box number c number pm
0,lol know hey someone great inpersonation flea forums love
1,text banneduk number see cost number p textoperator g number ga number xxx
0,still chance search hard get let try
1,auction round number highest bid number next maximum bid number bid send bids e g number bid number number good luck
0,always celebrate ny family
0,know taj mahal symbol love lesser known facts number mumtaz shahjahan number th wife number wifes number shahjahan killed mumtaz husband marry number mumtaz died lt gt th delivery number married mumtaz sister question arises hell love great hari
0,ok come home vl nice meet v chat
1,collect valentine weekend paris inc flight hotel number prize guaranteed text paris number url
0,sent de webadres geting salary slip
0,fine sends greetings
1,customer loyalty offer new nokia number mobile number txtauction txt word start number get number ctxt tc number p mtmsg
0,dint touch
0,yup leaving right back soon
1,believe true incredible txts reply g learn truly amazing things blow mind number fwd number p txt
0,yeah sure leave min
0,one teach ship cars
0,sign maturity start saying big things actually start understanding small things nice evening bslvyl
0,yeah confirmed staying weekend
0,said dun haf passport smth like dat juz send email account
0,multiply numbers independently count decimal points division push decimal places like showed
0,lovely night wake see message hope smile knowing great morning
0,ard number lor
0,right meanwhile project twins comin
0,sent maga money yesterday oh
1,hot n horny willing live local text reply hear strt back number p per msg netcollex ltdhelpdesk number reply stop end
0,ride equally uneventful many pesky cyclists around time night
0,free give otherwise nalla adi entey nattil kittum
0,sent wife text buy tell relax go get wkend
0,escape theatre going watch kavalan minutes
0,much would cost hire hitman
0,anything lor
1,want new nokia number colour phone delivered tomorrow number free minutes mobile number free text free camcorder reply call number
0,huh cant go number ur house empty handed right
0,good morning princess happy new year
1,congratulations winner august number prize draw call number prize code number
0,aight head
0,wat r u busy wif work
0,know mood today
0,jay told already
0,cps causing outages conserve energy
0,sure checking happening around area
0,hey morning come ask pa
0,jordan got voted last nite
0,means got epi fine
0,idea
0,pls come quick cant bare
0,call unable cal lets meet bhaskar deep
0,meet library
0,k roommate also wants dubsack another friend may also want plan bringing extra tell know sure
0,depends individual lor e hair dresser say pretty parents say look gong u kaypoh also dunno wat collecting
0,ok c
0,enjoy watching playing football basketball anything outdoors
0,please ask macho price range want something new used plus interfued blackberry bold lt gt bb
0,sorry sent blank msg yup trying number serious studying
0,hey check da listed da
1,number p number alfie moon children need song ur mob tell ur number txt tone charity number nokias poly charity polys zed number profit number charity
0,meant apology texting get drugs lt gt night
0,means february april getting place stay hustle back forth audition season since sister moved away harlem
0,goin workout lor muz lose e fats
0,damn poor zac stand chance
0,want tel u one thing u mistake k message sent
0,yeah right bring tape measure fri
0,head straight
1,get official england poly ringtone colour flag yer mobile tonights game text tone flag number optout txt eng stop box number w number wx number number
0,thank princess sexy
0,oooh got plenty
0,hui xin da lib
0,big difference lt gt versus lt gt every lt gt hrs
0,make cry stuff happens top everything else pushes edge underdtand often cry sorry sorry life
0,number babe feel lets number get try cheer fit soo muchxxlove u locaxx
0,know hook means right
1,customer service announcement recently tried make delivery unable please call number schedule ref number
0,wat da model num ur phone
0,really skateboarding despite fact gets thrown winds bandages shit arms every five minutes
1,stop club tones replying stop mix see tone com enjoy html terms club tones cost gbp number number week mfl
0,house e sky quite dark liao raining got excuse number run already rite hee
0,sorry left phone upstairs ok might hectic would birds one fell swoop date
0,thought see
1,wamma get laid want real doggin locations sent direct mobile join uks largest dogging network txt dogs number nyt ec number number lp number number msg
0,carlos says pick later yeah set
0,hey babe friend cancel still visit
0,hmm ill think ok forgiven
0,hoping get away number langport still town tonight
0,want send virtual hug need one
0,probably still going stuff
0,issues right ill fix tomorrow
0,come people
0,senthil group company apnt number pm
0,oh really make air talent
0,studying free next weekend
0,r u yet wearing blue shirt n black pants
0,wait come lt gt min
0,reach ur home lt gt minutes
0,well great weekend
0,langport sorry probably bed number pm sucks ill xmas go number sri lanka
0,frnd juz word merely relationship silent promise says wherevr whenevr forevr gudnyt dear
0,huh number also cannot many mistakes
0,ha u jus ate honey ar sweet
0,turning phone moms telling everyone cancer sister stop calling hurts talk put see u u get home love u
0,honey sweetheart darling sexy buns sugar plum loverboy miss boytoy smacks ass go gym
0,thanks loving rock
0,yeah imma come cause jay wants drugs
0,ok thanx take care
0,yup thk u oso boring wat
0,came look flat seems ok number away alot wiv work got woman coming number number
0,moji informed saved lives thanks
0,whos class
0,hey r still online finished formatting
0,great attracts brothas
1,promotion number number ur awarded city break could win number summer shopping spree every wk txt store number skilgme tscs number winawk age number number number perwksub
0,lol happens vegas stays vegas
0,hello hello hi lou sorry took long number reply left mobile friends lancaster got bak neway im sorry make ur b day number hun
0,use soc use home dunno number type word ar
0,dad says hurry hell
0,wake lt gt morning
0,get class bsn like lt gt minutes know advising
0,great shoot big loads get ready
0,meet lobby
0,still coming tonight
0,happen dear tell
0,sir waiting call free please call
0,texted finished long time ago showered er ything
0,ok im sure time finish tomorrow wanna spend evening cos would vewy vewy lubly love xxx
0,hello per request lt gt rs number transfered
0,tirupur call da
1,winner specially selected receive number cash number award speak live operator claim call number number pm cost number p
0,luck number catches put
0,noe specify da domain nusstu still sch
0,oh asked fun haha take care
0,shall get pouch
0,hey loverboy love tell look picture ache feel legs fuck want need crave
0,boy sweet words left morning sighs goes day love start studying
0,kent vale lor wait number ar
0,ok good making money
0,reading gud habit nan bari hudgi yorge pataistha ertini kano
0,aight still want get money
0,town v important
0,sorry pa dont knw ru pa
0,wat u
0,meeting rite go home lor dun feel like comin ok
0,oh get paid outstanding one commercial hasbro august made us jump many hoops get paid still
0,late call tomorrow morning take care sweet dreams u ummifying bye
0,networking technical support associate
0,gonna rip uterus
0,cool like swimming pool jacuzzi house
1,thanks ringtone order reference number x number mobile charged number number tone arrive please call customer services number colour red text colour txtstar
0,yeah gang ready
0,blank blank wat blank lol
0,movie collect car oredi
0,left already orchard
1,hi number nights ur lucky night uve invited number xchat uks wildest chat txt chat number number p msgrcvdhg suite number number lands row w number j number hl ldn number yrs
0,nothing spl wat abt u whr ru
0,chikku nt yet ya free
0,aldrine rakhesh ex rtm pls call urgent
0,search number happiness number main sources unhappiness accept life way comes u find happiness every moment u live
0,guess could good excuse lol
0,frnd necesity life imagine urself witout frnd hw u feel ur colleg wat u wth ur cell wat abt functions thnk abt events espe cared missed amp irritated u number wrd dear loving frnds wthout u cant live jst takecare goodmorning
0,old orchard near univ
0,number tacos number rajas burrito right
0,number get ok
0,hows street end library walk
0,plz note anyone calling mobile co amp asks u type lt gt lt gt disconnect call coz iz attempt terrorist make use sim card itz confirmd nokia n motorola n verified cnn ibn
0,stopped get ice cream go back
0,stitch trouser
1,number number tf number p
0,hey bored thinking u wat r u
0,nah wednesday bring mini cheetos bag
0,nobody names penis girls name story add
0,aight let know gonna around usf
0,lip synced shangela
0,neva tell noe home da aft wat
0,bit ur smile hppnss drop ur tear sorrow part ur heart life heart like mine wil care u forevr goodfriend
1,dear voucher holder number claim number st class airport lounge passes using holiday voucher call number booking quote number st class x number
0,buzz hey love think hope day goes well sleep miss babe long moment together loving smile
0,haha sounds crazy dunno tahan anot
0,u early
0,ya one slow poo
0,im gloucesterroad uup later
0,lol ouch wish stayed bit longer
0,god asked forgiveness little child gave lovely reply
0,join lt gt bus
0,ask keep one maybe get messages sent glo
0,k send lt gt min
0,would smoking help us work difficult time
1,someone u know asked dating service number contact cant guess call number revealed pobox number number xy number p
0,yes mum lookin strong
0,sir goodmorning free call
0,call
0,love girls office may wonder smiling sore
0,hi wlcome back wonder got eaten lion something nothing much
0,uncle timi help clearing cars
0,came hostel going sleep plz call class hrishi
0,ok bag
0,ok lor msg b number u call
1,mila age number blonde new uk look sex uk guys u like fun text mtalk number number number pp txt number st number free number number increments help number
0,fishrman woke early mrng dark waited amp found sack ful stones strtd throwin thm number sea number pass time atlast jus number stone sun rose amp found tht r nt stones diamonds moral dont wake early mrng good night
1,claim number shopping spree call number mobstorequiz number ppm
0,ur physics get
0,dear friends sorry late information today birthday loving ar praveesh details log face book see number lt gt dont miss delicious treat
0,r going send
0,online transaction
0,dear got train seat mine lower seat
0,let know need anything else salad desert something many beers shall get
0,whore unbelievable
1,want funk ur fone weekly new tone reply tones number u number text url original n best tones number gbp network operator rates apply
0,sure mean get
0,love know feel make belly warm wish love shall meet dreams ahmad adoring kiss
1,twinks bears scallies skins jocks calling miss weekend fun call number number p min number stop texts call number nat rate
0,love want flood pretty pussy cum
0,hey angry reply dr
0,short cute good person
0,also remember beads come ever
0,thread wishlist section forums ppl post nitro requests start last page collect bottom
0,first time history need comfort luxury sold price india onion rs lt gt petrol rs lt gt beer rs lt gt shesil lt gt
0,actually nvm got hella cash still lt gt ish
1,tried contact reply offer video handset number anytime networks mins unlimited text camcorder reply call number
0,ok least armand still around
0,da happy sit together na
0,yup song bro creative neva test quality said check review online
0,dude fake frnds got money thts reffering u u member wit mail link u vl credited lt gt rs il getiing lt gt rs draw acc wen lt gt rs
0,dude makin weirdy brownies sister made awesome cookies took pics
1,urgent trying contact last weekends draw shows number prize guaranteed call number claim code k number valid number hours
0,pls dont restrict eating anythin likes next two days
0,mm ask come enough
0,funeral home audrey dad
0,aight text address
0,excellent wish together right
0,yep fine number number number number ice age
0,pls wont belive god jesus
0,dunno wat get number
0,yet chikku k wat abt tht guy stopped irritating msging u
0,long take get
0,number vivek
1,number xmas iscoming ur awarded either number cd gift vouchers free entry number r number weekly draw txt music number tnc
0,sorry brah finished last exams
0,got arrested possession shit lt time gt pm
0,right though give space want need really starting become issue going suggest setting definite move still greece maybe ready
0,normal
0,please protect e threats sib never asks sensitive information like passwords atm sms pin thru email never share password anybody
0,miss much desparate recorded message left day listen hear sound voice love
0,hi always online yahoo would like chat someday
0,goodmorning grandfather expired leave today
1,congratulations u claim number vip row tickets number c blu concert november blu gift guaranteed call number claim ts cs url cost number number max
0,yuou working getting pc mom find spot would work need
0,sure see come bit
0,agree stop thinkin ipad please ask macho question
0,let pool money together buy bunch lotto tickets win get lt gt u get lt gt deal
0,watching tv lor nice one like lor
0,thinking chennai forgot come auction
0,come n pick number ar
0,early bird purchases yet
0,went pay rent go bank authorise payment
0,erm ill pick number number pm give enough time get park
0,hey mate hows u honey u ave good holiday gimmi de goss x
0,howz pain come today said ystrday ice medicine
0,chile please lt decimal gt hour drive come time subletting feb april audition season
0,yes ammae life takes lot turns sit try hold steering
0,yeah thought lemme know anything goin later
0,mmmm cant wait lick
0,pls go today lt gt dont want excuses
0,plz tell ans bslvyl sent via fullonsms com
0,u town alone
0,looking forward sex cuddling two sleeps
0,rounder required
0,true k u knw dis lt gt
0,dont worry number day big lambu ji vl come til enjoy batchlor party
0,oh ya got hip hop open haha thinking go jazz zoom cine actually tonight free leh kb lesson tonight
1,free msg single find partner area number real people waiting chat send chat number cncl send stopcs number number number per msg
0,ok part tomorrow
0,found diff farm shop buy cheese way back call
0,r u still working
1,win newest harry potter order phoenix book number reply harry answer number questions chance first among readers
0,yep like pink furniture tho
1,free msg ringtone url widelive com index wml id number b number number ecef number ff number number first true number number jul number
0,customer place wil cal u sir
1,oh god found number glad text back xafter msgs cst std ntwk chg number number
0,pure hearted person wonderful smile makes even enemies feel guilty enemy catch world smile goodmorning amp smiley sunday
0,alrite girl u know gail neva wrong take care sweet worry c u l number tr hun love yaxxx
0,theoretically yeah could able come
0,alright hooked guys
0,know people still town
0,let math good
0,oh ok wait number lect havent finish
0,yeah usual guy town definitely people around know
0,joining today formally pls keep praying talk later
0,happy sad one thing past good morning
0,multimedia message e mail
0,okie scared u say fat u dun wan already
0,u get message
0,sorry sir call tomorrow senthil hsbc
0,need person give na
0,left vague said would inform person accounting delayed rent discuss housing agency renting another place checking online places around usc lt gt
0,hi juan im coming home fri hey course expect welcome party lots presents ill phone u get back loads love nicky x x x x x x x x x
0,gumby special lt gt cheese pizza number know doin tonight
1,link picture sent also use url
0,like personal sized
0,great aunts anniversary party tarpon springs
0,cab available pick drop door steps
0,ok take care umma
0,unlimited texts limited minutes
1,double mins number txts orange tariffs latest motorola sonyericsson nokia bluetooth free call mobileupd number number call number optout hf number
0,problem spending lot quality time together
1,urgent number nd attempt contact u number prize yesterday still awaiting collection claim call number acl number pm
0,heard week
1,dear dave final notice collect number tenerife holiday number cash award call number landline tcs sae box number cw number wx number ppm
0,yes last practice
1,tells u number call number claim number prize u number enter ur mobile personal details prompts careful
0,thank wonderful
0,mean confirmed tot juz say oni ok
0,depends would like treated
0,right brah see later
0,waiting e car number mum lor u leh reach home already
1,number account number xxxxxxxxx shows number unredeemed points claim call number identifier code xxxxx expires number number number
1,want new video handset number anytime network mins half price line rental camcorder reply call number delivery tomorrow
0,went fast asleep dear take care
0,means fat head
0,sounds like plan cardiff still still cold sitting radiator
0,serious like proper tongued
0,good wondering wont say hi smiling coping long distance
0,noe da car later c lar wearing shorts
0,yeah whatever lol
0,ard number lor ok message lor
0,ok c u
0,eh ur laptop got stock lei say mon muz come take look c got
0,need ke qi bored izzit suddenly thk
0,wish think gonna snow much flurries usually get melt hit ground eek snow since lt gt even born
1,free ringtone reply real poly eg real number pushbutton number dontcha number babygoodbye number golddigger number webeburnin number st tone free number u join number wk
0,oh really perform write paper go movie home midnight huh
0,okay lor still let us go ah coz know later drop cards box right
0,izzit still raining
0,enough trouble sleeping
0,havent add yet right
0,lol really need remember eat drinking appreciate keeping company night babe smiles
0,babe lost try rebooting
0,yes nigh cant aha
0,thk gotta go home urself cos b going shopping number frens present
0,nooooooo gonna bored death day cable internet outage
0,sos amount get pls
0,playin space poker u
0,come guoyang go n tell u told
0,need get
0,r giving second chance rahul dengra
0,yeah fact asked needed anything like hour ago much
0,first strike red one bird antelope begin toplay fieldof selfindependence believe flower contention grow random
0,wan go c doctor
0,daddy bb
1,free msg get gnarls barkleys crazy ringtone totally free reply go message right
0,borderline yeah whatever
0,number lor ya go number dinner together
0,gentle princess make sweet gentle love
0,u doin baby girl hope u okay every time call ure phone miss u get touch
0,sorry went bed early nightnight
0,like think always possibility pub later
0,hmm yeah grooved im looking forward pound special
0,got video tape pple type message lor u free wan number help hee cos noe u wan number watch infernal affairs ask u along asking shuhui oso
0,hi dude hw r u da realy mising u today
0,hungry buy food good lei mum n yun dun wan juz buy little bit
1,refused loan secured unsecured get credit call free number text back help
0,probably eat today think gonna pop weekend u miss
0,knew u slept v late yest wake late
0,haha dont angry take practice real thing
0,one day training
0,could kiss feel next
0,nice day dear
0,sent lanre fakeye eckankar details mail box
0,dad back ph
1,specially selected receive number award call number lines close cost number ppm number cs apply ag promo
0,ask say please message
0,e timing go w u lor
0,callin say hi take care bruv
1,valued vodafone customer computer picked win number prize collect easy call number
0,u turn heater heater set lt gt degrees
0,thanks message really appreciate sacrifice sure process direct pay find way back test tomorrow class wonderful day
0,trouble classes go well due dodgey one expecting mine tomo see recovery time place
1,free video camera phones half price line rental number mths number cross ntwk mins number txts call mobileupd number call number optout number
0,wot u number j
0,night night see tomorrow
0,roger probably going rem number
0,u think girl propose u today seing ur bloody funky shit fucking face asssssholeeee
0,wish u feel alone
0,reason team budget available last buy unsold players base rate
0,ceri u rebel sweet dreamz little buddy c ya number moro needs blokes
1,ringtoneking number
0,huh cant thk oredi many pages
0,frens go lor alone wif mum n sis lor
0,nationwide auto centre something like newport road liked
0,hey missed tm last night phone charge smiles meeting friend shortly
0,whatever juliana whatever want
1,ringtone club gr number new polys direct mobile every week
0,hello sort town already dont rush home eating nachos let know eta
0,ok lor anyway thk cant get tickets cos like quite late already u wan number go look number ur frens darren wif
1,bank granite issues strong buy explosive pick members number nasdaq symbol cdgt number number per
0,dizzamn aight ask suitemates get back
0,nimbomsons yep phone knows one obviously cos thats real word
0,love cuddle want hold strong arms right
0,r u continent
0,pay like lt gt yrs difficult
1,bored housewives chat n date number number number bt national rate number p min landlines
1,tried call reply sms video mobile number mins unlimited text free camcorder reply call number del thurs
0,k k give treat
1,number nd time tried contact u u number prize number claim easy call number number p per minute bt national rate
0,gonna worry nothing give money use
0,get gift year didnt get anything bad
0,well pattern emerging friends telling drive come smoke telling weed fiend make smoke much impede things see hesitant
0,ow u dey paid number number thousad told u would call
0,im fine babes aint number much tho saw scary movie yest quite funny want number mrw afternoon town mall sumthin xx
0,reaching home number min
0,forgot working today wanna chat things ok drop text free bored etc ring hope well nose essay xx
0,ha must walk everywhere cannot take tram cousin said walk vic market hotel
0,discussed mother ah
0,sorry text amp drive coherently see twenty
1,receiving week triple echo ringtone shortly enjoy
0,place get rooms cheap
0,eek lot time especially since american pie like number minutes long stop singing
0,gran onlyfound afew days ago cusoon honi
1,u selected stay number number top british hotels nothing holiday valued number dial number claim national rate call bx number sw number ss
0,university southern california
0,pick rayan macleran
0,u gd lor go shopping got stuff u wan number watch infernal affairs come lar
0,well balls time make calls
0,wat time wan today
0,lt gt mca conform
0,oh ok wat ur email
0,yes princess going make moan
0,lol ok remember til last nite
0,anyway many good evenings u
0,cool text
0,sorry vikky watching olave mandara movie kano trishul theatre wit frnds
0,happy babe woo hoo party dude
0,taking italian food pretty dress panties
0,wot u number thout u gonna call txt bak luv k
1,chosen receive number award pls call claim number collect award selected receive valued mobile customer
0,holding
0,dont flatter tell man mine two pints carlin ten minutes please
0,hope scared
0,home n ready
0,time u get
0,literally bed like lt gt hours
0,yes reg ciao
0,mean website yes
1,win number cash prize prize worth number
1,thanks ringtone order reference number x number mobile charged number number tone arrive please call customer services number
0,lol could starve lose pound end day
0,yeah impression got
0,ok ok take care understand
0,motivate behind every darkness shining light waiting find behind every best friend always trust love bslvyl
0,ya ok dinner
0,slept time
0,dont make ne plans nxt wknd coz wants us come ok
0,school starting stay weather like food social support system like friends school things important
0,ha ha nan yalrigu heltini iyo kothi chikku u shared many things wit far told body even uttered word abt u ur trusting much tell others plz nxt time dont use words ok chikku b
0,noice text
0,hi di yijue meeting number pm esaplanade tonight
1,moby pub quiz win number high street prize u know new duchess cornwall txt first name number unsub stop number number sp
1,weeks savamob member offers accessible call number details savamob pobox number la number wu number number week savamob offers mobile
0,aight set free think could text blake address occurs quite sure thought
0,hi dear saw dear happy battery low
0,ages abj
0,prof passed papers sem congrats student enna kalaachutaarama prof gud mrng
0,dont kick coco
0,fyi gonna call sporadically starting like lt gt bc doin shit
1,contacted dating service someone know find call mobile landline number pobox number ldns number
1,tbs persolvo chasing us since sept number definitely paying thanks information ignore kath manchester
0,hope much fun without see u tomorrow love jess x
0,ok wont call disturb one know avoiding burden
0,reached home n bathe liao u call
1,loans purpose even bad credit tenants welcome call noworriesloans com number
0,actual exam harder nbme
0,lot sickness thing going round take easy hope u feel better soon lol
1,number kick new season number wks free goals news ur mobile txt ur club name number eg villa number
0,hey sathya till dint meet even single time saw situation sathya
0,gam gone outstanding innings
0,played smash bros lt gt religiously
0,sir good morning hope good weekend called let know able raise lt gt dad however said would make rest available mid feb amount still quite short hoping would help good day abiola
0,hurry home soup done
0,good afternoon love good see words ym get tm smart move slave smiles drink coffee await
0,quite ok bit ex u better go eat smth else feel guilty
1,orange brings ringtones time chart heroes free hit week go ringtones pics wap stop receiving tips reply stop
0,lemme know
1,private number account statement number shows number un redeemed points call number identifier code number expires number number number
0,needs stop going bed make fucking dealing
0,love brother time talk english grins say hey muhommad penny says hello across sea
1,tried call reply sms video mobile number mins unlimited text free camcorder reply call number
0,hey doc pls want get nice shirt hubby nice fiting ones budget lt gt k help pls load card abi hw keep posted luv number mj
0,remain unconvinced elaborate test willpower
0,life nothing wen v get everything life everything wen v miss something real value people wil realized absence gud mrng
0,miss
0,answerin phone actually pretty reasonable hour sleepy
0,hey rite u put number evey mnth
0,going bed prin
0,think thanks see tomo
0,u dun drive go number sch
0,home lei
1,gsoh good spam ladies u could b male gigolo number join uk fastest growing mens club reply oncall mjzgroup number number stop reply stop email
0,u hav frnd name ashwini ur college
0,jus finish lunch way home lor tot u dun wan number stay sch today
0,k number marrow coming class
1,hot live fantasies call number number p per min ntt ltd po box number croydon cr number wb number national rate call
0,pls send address sir
0,want lick pussy
0,yo gonna still stock tomorrow today trying get dubsack
1,urgent mobile number awarded ukp number prize guaranteed call number landline claim number valid number hrs number ppm
0,see prolly yeah
0,thought could go dinner treat seem ok
0,stand away heart ache without wonder crave
0,sorry never hear unless book one kinda joke thet really looking skinny white girls one line much camera something like casting look
0,sure thing big man hockey elections number go longer hour though
0,watch lor saw swatch one thk quite ok ard number need number nd opinion leh
0,hiya u like hlday pics looked horrible took mo hows camp amrca thing speak soon serena
0,babe goes day miss already love loving kiss hope everything goes well
0,yunny goin late
0,doc prescribed morphine cause pain meds enough waiting mom bring med kick fast gonna try later
0,cool want go kappa meet outside mu
0,hey sexy buns told adore loverboy hope remember thank sister law meatballs grins love babe
0,may b approve panalam posts
1,spjanuary male sale hot gay chat cheaper call number national rate number number p min cheap number number p min peak stop texts call number number p min
0,workin get job
0,done mean
0,ur luck love someone ur fortune love one loves u
0,hi baby ive got back work wanting see u allday hope didnt piss u phone today u give call xxx
1,freemsg today day ready horny live town love sex fun games netcollex ltd number p per msg reply stop end
0,yahoo boys bring perf legal
0,need say anything know outsider
0,ever one foot
0,got lt gt
0,good need receipts well done yes please tell number could ring
0,leave wif lar wan carry meh heavy da num number familiar
0,beautiful truth expression face could seen everyone depression heart could understood loved ones gud ni number
0,infact happy new year seeing
1,simpsons movie released july number name band died start film green day b blue day c red day send b c
0,shame maybe cld meet hrs tomo
0,lol would despite cramps like girl
0,wait cornwall hope tonight bad well rock night shite anyway going kip good night speak soon
0,pls help tell sura expecting battery hont pls send message download movies thanks
1,please call amanda regard renewing upgrading current mobile handset free charge offer ends today tel number subject c
0,found way get another app phone eh go net cafe take job geeee need babe crave see
0,work mon thurs sat cant leh booked liao day u free
0,comin fetch us oredi
0,nannys address
0,haf u eaten wat time u wan number come
1,want new video phone number anytime network mins half price line rental free text number months reply call number free delivery
0,yo call get chance friend mine wanted ask big order
0,single single answers fighting plus said broke didnt reply
0,certainly puts things perspective something like happens
0,got tv number watch meh u work today
0,felt conveying reason ese
0,going got exciting karaoke type activities planned debating whether play football eve feeling lazy though
0,told coming wednesday
0,ok called mom instead fun
1,dear voucher holder claim weeks offer pc please go url ts cs apply
0,well desperate call armand
0,work right
0,heard anything answering texts guessing flaked said jb fantastic
0,mmmmmm love much ahmad wait year begin every second takes closer side happy new year love
0,pls full name joke school cos fees university florida seem actually lt gt k pls holla back
0,ok said got wisdom teeth hidden inside n mayb need number remove
0,pls pls drink plenty plenty water
0,queen going royal wedding
0,lag sad part keep touch thanks skype
0,ok lor go tog lor
0,two teams waiting players
0,send copy da report
0,swhrt u dey hope ur ok tot u number day love n miss take care
0,ok da already planned wil pick
1,urgent please call number abta complimentary number spanish holiday number number cash await collection sae cs box number po number ez number ppm number
0,really need shit tomorrow know awake like number
0,good registered vote
0,hmm ok stay like hour cos eye really sore
0,dear got bus directly calicut
0,mm umma ask vava also come tell play later together
0,well general price lt gt oz let know much want
0,moment day value morning brings hope afternoon brings faith evening brings luv night brings rest wish u find today good morning
0,lt gt w jetton ave forgot
0,ok coming home
0,use foreign stamps country
0,sorry lot friend friend stuff talk actual guy wants buy
1,cmon babe make horny turn txt fantasy babe im hot sticky need replies cost number number number cancel send stop
0,wylie update weed dealer carlos went freedom class lunsford
0,happy baby alright take job hope fine send kiss make smile across sea kiss kiss
0,c movie juz last minute decision mah juz watch number lar tot interested
0,enjoying semester take care brother
1,important information number orange user number xxxxxx today ur lucky day number find log onto url fantastic prizeawaiting
0,get door
0,lets use next week princess
0,go home first lar wait number lor put stuff first
0,want kfc tuesday buy number meals number gravy number mark number
0,da stupid da always sending like believe message pandy mental
0,oi gonna ring
1,missed call alert numbers called left message number
0,attended nothing
0,ard number like dat lor juz meet mrt station dun haf come
0,dear sleeping p
0,er mw im filled tuth aight
0,office around number pm going hospital
0,actually waiting number weeks start putting ad
0,anything lor go go lor
0,u free sat rite u wan number watch infernal affairs wif n darren n mayb xy
0,yo around friend mine lookin pick later tonight
0,stupid auto correct phone
0,double eviction week spiral michael good riddance
0,world suffers lot violence bad people silence good people
0,ok thats cool either raglan rd edward rd behind cricket ground gimme ring ur closeby see tuesday
0,buy one egg da please
0,started skye
0,bookedthe hut also time way
0,several sir
0,u really pig leh sleep much dad wake number smth number eat lunch today
0,love hope anything drastic dare sell pc phone
1,freemsg records indicate may entitled number pounds accident claim free reply yes msg opt text stop
0,life style garments account please
0,lol wtf random btw lunch break
0,sez hows u de arab boy hope u r good give love number evry number love ya eshxxxxxxxxxxx
0,lay man let know missed thought great day send bimbo ugo numbers ill appreciate safe
0,detroit home snow enjoy
1,show ur colours euro number number number offer get england flag number lions tone ur phone click following service message info
0,aight chillin friend room text way
0,toshiba portege number gd
0,well welp sort semiobscure internet thing
1,text pass number collect polyphonic ringtones normal gprs charges apply enjoy tones
1,accordingly repeat text word ok mobile phone send
0,loosu go hospital de dont let careless
0,much eighth
0,omg joanna freaking looked thru friends find photos asking stuff myspace even logged like year
0,send ur birthdate month year tel u ur life partner name method calculation reply must
0,juz havent woke bit blur blur dad went liao cant cum oso
0,clothes jewelry trips
1,block breaker comes deluxe format new features great graphics mobile buy number replying get bbdeluxe take challenge
0,aah cuddle would lush need lots tea soup kind fumbling
1,important information number orange user today lucky day number find log onto url fantastic surprise awaiting
0,plans family set stone
0,pls dont forget study
0,never believe actually got taunton wow
0,den weekdays got special price haiz cant eat liao cut nails oso muz wait finish drivin wat lunch still muz eat wat
0,broke list reasons nobody town tell sarcastic faggy
0,lt decimal gt common car better buy china asia find less expensive holla
0,greatest test courage earth bear defeat without losing heart gn tc
0,sorry im stil fucked last nite went tobed number got number work number
0,hey whats plan sat
0,beauty sleep help ur pimples
0,great hope using connections mode men also cos never know old friends lead today
1,natalja number f inviting friend reply yes number number see url stop send stop frnd number
0,get
0,kind missed train cos asthma attack nxt one half hr driving sure park
0,ball moving lot spin last difficult bat
0,haiyoh maybe hamster jealous million
0,please send aunty number
0,glad following dreams
0,reached home finally
1,urgent important information number user today lucky day number find log onto url fantastic surprise awaiting
0,wn u r hurt prsn close number u fight wit dem coz somtimes dis fight saves relation bt quiet leaves nothin relation gud eveb
0,u call
0,science tells chocolate melt sunlight please walk sunlight bcoz want loss sweet friend
0,yes come nyc audiitions trying relocate
0,pocked
0,congrats great wanted tell tell score cos might make relax motivating thanks sharing
0,wud never mind u dont miss u dont need u wil really hurt wen u need amp u dont tell take care
0,hey mr whats name bill brison book one language words
0,okay good problem thanx
0,information ikea spelled caps yelling thought left sitting bed among mess came said going got home class please try bullshit makes want listen less
0,call u done
0,g w r
0,best watch say cause get drunk motherfucker
1,kit strip billed number p netcollex ltd po box number ig number oja
1,please call number immediately urgent message waiting
1,thesmszone com lets send free anonymous masked messages im sending message see potential abuse
0,erm woodland avenue somewhere get parish magazine telephone number
0,ta jobs available let know please cos really need start working
0,aiyar hard number type u later free tell call n scold n tell u
0,yup free
0,good good billy mates gone jogging enjoy concert
0,yo come carlos soon
0,awww dat sweet think something nice time tonight ill probably txt u later cos im lonely xxx
0,guess useless calling u number something important
0,ha ha popped loo hello ed hello
0,dint tell anything angry told abi
0,happens r number waxsto wat want come ill get medical insurance able deliver basic care currently shopping right medical insurance give til friday morning thats see major person guide right insurance
0,keep ten rs shelf buy two egg
0,well babe swollen glands throat end
0,ur changes number da report big cos already made changes number da previous report
0,captain room
0,speak bcaz mobile problem listen cann listen voice calls later
0,hiya stu wot u number im much truble home moment evone hates even u wot hell av done wont u tell text bck please luv dan
0,take mokka players
0,still playing gautham
0,hey mr going sea view couple gays mean games give bell ya finish
0,k jason says gonna around around lt gt
0,sorry able get see morning
0,aight well keep informed
0,searching good dual sim mobile pa
0,seems unnecessarily hostile
0,dude got haircut breezy
1,congrats number mobile number g videophones r call number videochat wid ur mates play java games dload polyh music noline rentl bx number ip number number number pm
0,number apple day doctor number tulsi leaf day cancer number lemon day fat number cup milk day bone problms number litres watr day diseases snd ths number u care
0,thought king hill thing
0,nope come online
0,also tell said happy birthday
0,bishan lei tot say lavender
0,boo time u get u supposed take shopping today
0,u sound like manky scouse boy steve like travelling da bus home wot u inmind number recreation dis eve
0,fyi taking quick shower epsilon like lt gt min
0,tuesday night r u number real
0,yes appt
0,got outta class gonna go gym
0,want sent lt gt mesages today thats sorry hurts
0,write wat
0,ha say read anything way u seemed like number judgemental save fridays pub
0,valentine game send dis msg ur friends number answers r someone really loves u ques colour suits best
0,hi asked waheeda fathima leave
0,enjoy urself tmr
0,still around could use half number th
0,give us back id proof lt gt rs wont allow work come home within days
0,bot notes oredi cos juz rem got
0,yes rent expensive way save
0,hows pain dear r u smiling
0,fun fact although would think armand would eventually build tolerance shit considering much smokes gets fucked like number hits
1,important information number orange user number xxxxxxx today lucky day number find log onto url fantastic surprise awaiting
0,great send account number
0,hellogorgeous hows u fone charge lst nitw wen u texd hopeu ad nice wkend im sure u lookin number ward number c u number mrw luv jaz
1,dating service asked number contact u someone shy call number revealed pobox number number uz number p
0,send contents page
0,night sweet sleep well see exorcism emily rose may never sleep hugs snogs
0,think u got think use got good ni number
0,right second gotta hit people first
0,evry emotion dsn hav words evry wish dsn hav prayrs u smile world wit u othrwise even drop tear dsn lik number stay wit u b happy good morning keep smiling
0,remember
0,ujhhhhhhh computer shipped address sandiago parantella lane wtf poop
0,mm yes dear look hugging p
0,like dis sweater fr mango size already irritating
0,number number number gonna massive pain ass rather get involved possible
0,anytime lor
1,want new video handset number time network mins unlimited text camcorder reply call number del sat
1,ur balance number next question complete landmark big bob b barry c ben text b c number good luck
0,fine absolutly fine
0,k sure consent forms v
1,ur tonexs subscription renewed charged number number choose number polys month url billing msg
1,prize go another customer c url number number p min polo ltd suite number london w number j number hl please call back busy
0,much torch number ja
0,nothing u dinner w us
0,checking
0,done internet connection v slow send try later first thing tomo
0,mathews tait edwards anderson
0,yeah sure thing mate haunt got stuff sorted im going sound anyway promoting hex way dont know number joke
0,need lar go engin cos sis arts today
0,thanks honey still heard anything leave bit longer number crowd try later great advice thanks hope cardiff still
1,want new nokia number colour phone delivered tomorrow number free minutes mobile number free text free camcorder reply call number
0,im snowboarding trip wondering planning get everyone together befor go meet greet kind affair cheers
0,watching live
0,see christmassy
0,k ready lt gt
0,new years plans
1,recpt number number ordered ringtone order processed
0,baaaaaaaabe wake miss crave need
0,got message ignoring yes shopping
0,dear mood cant drive brother drive
0,dad get back
0,tell shola please go college medicine visit academic department tell academic secretary current situation ask transfer ask someone check sagamu thing lautech vital completes medical education nigeria less expensive much less expensive unless getting citizen rates new zealand
0,yes finished watching days lives love
0,juz go google n search number qet
0,many times lose best ones bcoz
0,good friends care close friends understand true friends stay forever beyond words beyond time gud ni number
0,getting back home
0,sorry call later lt gt mins
0,dun need use dial juz open da browser n surf
1,one registered subscribers u enter draw number number g b gift voucher replying enter unsubscribe text stop
0,awesome plan get time like lt gt text details wee bit
0,take care sleep well need learn change life need get convinced wait conversations us get convinced time family many senses respect overemphasise u role life
1,chance win free bluetooth headset simply reply back adp
0,also didnt get na hi hi hi hi hi
0,ya cant display internal subs gotta extract
0,said anything wrong sorry de
0,stupid say challenge god dont think write instead respond immed
0,yeah able text ready meet
0,v skint fancied bevies waz gona go meet othrs spoon jst bin watchng planet earth sofa v comfey dont make hav gd night
0,says quitting least number times day wudn take much notice nah mind gonna see want come taunton tonight u tell
0,get free call
0,little darlings far week need coffee run tomo believe time week already
0,still west coast haiz take forever come back
0,mmm fuck merry christmas
0,alright thanks advice enjoy night try get sleep
0,update face book status frequently
0,saw message k da
0,something u ate
0,bank say money
0,aiyar dun disturb u liao thk u lots number aft ur cupboard come
0,hey r watching movie tonight prob b home early
0,yar lor u noe u used dat route
0,number mro coming gym machan goodnight
0,dont think need yellow card uk travel ask someone gone lt gt bucks
0,u look number da lib got stuff havent finish yet
0,sounds great im going sleep good night
1,b floppy b snappy happy gay chat service photo upload call number number p min number stop texts call number
0,come u got nothing
0,nothing ever easy looking reason take risk life love
0,want grasp pretty booty
0,got tea sure flavour
0,going number orchard laready reaching soon u reaching
0,dear denying words please
0,know old dom told yesterday name roger got touch last night wants meet today number pm
0,come back tampa ffffuuuuuuu
0,number celebrate b day else
0,merry christmas u annie
0,please tell special stock talking
0,sent like
0,awesome minute
0,problem walk around julianaland oblivious going around say things constantly go one ear go whatever want know upset listen tell going upset want surprised mad
0,told everything stop dont let get dehydrated
0,guess lt gt min
0,home ard wat time u reach
0,want mapquest something look usf dogwood drive
0,aight plan come later tonight
0,die accidentally deleted e msg suppose number put e sim archive haiz sad
1,welcome uk mobile date msg free giving free calling number future mgs billed number p daily cancel send go stop number
0,wishing great day moji told offer always speechless offer easily go great lengths behalf stunning exam next friday keep touch sorry
0,thanks reply today ur visa coming r u still buying gucci bags sister things easy uncle john also bills really need think make money later sha
0,sorry flaked last night shit seriously goin roommate tonight
0,said look pretty wif long hair wat thk cutting quite short number leh
0,cheers callin babe sozi culdnt talkbut wannatell u details later wenwecan chat properly x
0,hey u still gym
0,much better thanks lol
0,nothing smsing u n xy lor sorry lor da guys neva c u person sort know u lor u wan number meet xy ask number bring u along number next meeting
0,lemme know swing pick free basically time number semester
0,wa u efficient gee thanx
1,number received mobile content enjoy
0,able sleep
1,want explicit sex number secs ring number costs number p min
0,meet soon princess ttyl
0,pick number number pm go taunton still want come
0,oh number outside players allowed play know
0,anything lor
0,erutupalam thandiyachu
0,cant u try new invention fly joking
0,ful song lyrics
0,u reckon need number arrange transport u thanks
0,true lov n care wil nevr go unrecognized though somone often makes mistakes valuing definitly undrstnd start missing
0,shopping eh ger toking abt syd leh haha
0,standing
0,good weekend
0,miss call miss call khelate kintu opponenter miss call dhorte lage thats rule one great phone receiving quality wins
0,call get chance plz lt number
0,new deus ex game comin early next yr
0,computer fried essential part keep spares fucking idiot roommates looovvve leaving thing running full lt gt number
0,friend studying warwick planned go shopping concert tmw may canceled havn seen ages yeah get together sometime
0,probably couple hours tops
0,lol grins babe thanks thinking
0,man bus slow think gonna get
0,hope text meets smiling let text give reason smile beautiful day
0,case wake wondering forgot take care something grandma today done parade
1,latest nokia mobile ipod mp number player number proze guaranteed reply win number norcorp ltd number number mtmsgrcvd number
1,sms services inclusive text credits pls goto url login number qxj number unsubscribe stop extra charge help number comuk number cm number ae
0,nvm take ur time
0,wat da decision
0,wot u number bitch
0,told hr want posting chennai working
1,mobile club choose top quality items mobile number cfca number
0,guys leaving
0,neva grumble sad lor hee buy tmr lor aft lunch still meetin number lunch tmr neva hear fr lei got lot work ar
0,able anything
0,takin linear algebra today
0,weekend fine excuse much decorating
0,sorry missed babe late slept hope enjoy driving lesson boytoy miss teasing kiss
0,project pa come
1,money wining number wot next
0,sure whenever show fuck gt
0,random saw old roomate campus graduated
0,men always needs beautiful intelligent caring loving adjustable cooperative wife law allows one wife
0,sucks got planned yo valentine yo valentine
0,got part nottingham number hrs number miles good thing love man much number mph hey ho
0,think one saying clearly ok leave need ask go come
0,hi good mornin thanku wish u
0,u want number meet number morro
0,actually decided hungry left yet v
0,sent part
0,cos shopping wif darren jus n called number ask wat present wan lor started guessing wif n finally guessed darren lor
1,want cock hubby away need real man number satisfy txt wife number strings action txt stop number end txt rec number number ea otbox number la number ws
0,understand loss gain work school
0,u missed u havent number much bit bored holiday want number go bak number college sad isnt xx
0,hiya probably coming home weekend next
0,forget though love walk beside watching keeping heart warm
0,wish things different wonder able show much value pls continue brisk walks drugs without askin please find things laugh love dearly
0,ok days making dinner tonite invited
1,gr number new service live sex video chat mob see sexiest dirtiest girls live ur phone number details text horny number cancel send stop number
0,money number steve mate
0,im late tellmiss im way
0,normally use drink water daily
0,dare ask luck sorting car
0,party place usf charge contribute way greatly appreciated yeah got room one
0,urgh coach hot smells chip fat thanks especially duvet predictive text word
0,hiya last night naughty bought clothes little ready shopping tho kind time wanna meet
1,freemsg hi baby wow got new cam moby wanna c hot pic fancy chat im w number number utxt rply chat number hlp number msg number p number rcv
0,trying reach without success
0,derek done class
0,never lei v lazy got wat dat day send da url cant work one
0,never try alone take weight tear comes ur heart falls ur eyes always remember stupid friend share bslvyl
0,hey mate spoke mag people deliver end month deliver number th sept talk later
0,haha friend tyler literally asked could get dubsack
0,hey u fancy meetin number cha hav lil beverage txt ring meet l number r quite tired got number v pist love pete x x x
0,great safe trip dont panic surrender
0,symptoms u love number u like listening songs number u get stopped u see name beloved number u get angry
0,sun ah thk mayb dun anythin thk book e lesson e pilates orchard mrt u noe hor
0,try something dear read something exams
0,gettin rdy ship comp
0,hospital da return home evening
0,piss talking someone realise u point read backwards
0,think da wil
0,awake oh
0,good afternoon boytoy goes walking day get police abstract still wake miss babe
0,much u trying get
0,come around lt decimal gt pm vikky otside nw il come tht time
0,tell address
0,buy blackberry bold number torch buy new used let know plus saying buy lt gt g wifi ipad saying lt gt g
0,together thinkin
0,hiya hows going sunny africa hope u r avin good time give big old silver back big kiss
0,time come tomorrow
1,wanna laugh try chit chat mobile logon txting word chat send number cm po box number london w number number zf number number p msg rcvd
0,cha quiteamuzing scool babe
0,omg u know ate
1,urgent number nd attempt contact u u number call number b number csbcm number wc number n number xx callcost number ppmmobilesvary max number number
0,
0,directly behind abt number rows behind
1,congratulations ur awarded number cd vouchers number gift guaranteed free entry number wkly draw txt music number
1,contract mobile number mnths latest motorola nokia etc free double mins text orange tariffs text yes callback remove records
1,urgent call number landline complimentary number ibiza holiday number number cash await collection sae cs po box number sk number wp number ppm number
0,plans yet
0,hi engagement fixd lt gt th next month know really shocking bt hmm njan vilikkam ws al sudn
0,course maths one day one chapter one month finish
0,wow think common take back ur freak unless u chop
0,noooooooo please last thing need stress life fair
1,u secret admirer looking number make contact u find r reveal thinks ur special call number stopsms number ppm
0,see swing bit got things take care firsg
0,wanted wish happy new year wanted talk legal advice gary split person make trip ptbo hope everything good babe love ya
0,finished work yet something
0,right wasnt phoned someone number like
0,ok wun b angry msg u aft come home tonight
0,good time nice something bit different weekends change see ya soon
0,yo sorry shower sup
0,carlos pick swing usf little bit
0,full heat pa applyed oil pa
0,stuck da middle da row da right hand side da lt
0,laid airtel line rest
0,hi u decide wot number get number bday ill prob jus get voucher frm virgin sumfing
1,freemsg txt call number claim reward number hours talk time use phone subscribe number gbp mnth inc number hrs number stop txtstop
0,hey j r u feeling better
0,plan staying night prolly back til late
0,thanx number puttin da fone
0,need number th campus atm could pick hour two
0,oh haha den shld went today gee nvm la kaiez dun mind goin jazz oso scared hiphop open cant catch
0,running managed number minutes needed oxygen might resort roller option
0,live next lt gt mins
0,de asking like
0,glad talking
0,wat time finish
0,sorry da gone mad many pending works
0,much got cleaning
0,hows favourite person today r u workin hard sleep last nite nearly rang u number number
1,sunshine quiz win super sony dvd recorder canname capital australia text mquiz number b
0,called dad oredi
0,good think could send pix would love see top bottom
0,nvm going wear sport shoes anyway going late leh
0,sorry call later meeting
0,long fuckin showr
0,received understood n acted upon
0,finally came fix ceiling
0,u need presnts always bcz u cant mis love jeevithathile irulinae neekunna prakasamanu sneham prakasam ennal prabha mns prabha love got dont mis
0,jus finish blowing hair u finish dinner already
0,bus love
0,lol knew saw dollar store
1,todays voda numbers ending number selected receive number reward match please call number quoting claim code number standard rates apply
0,saturday sunday holiday difficult
0,everybody fun evening miss
0,got hella gas money want go grand nature adventure galileo little bit
0,oh wow thats gay firmware update help
0,move morphine
0,come din c yup cut hair
0,k k pa lunch aha
0,captain vijaykanth comedy captain tv drunken
0,course guess god got hold right
0,hide anythiing keeping distance
0,havent
1,ripped get mobile content url call number poly true pix ringtones games six downloads number
0,sorry din lock keypad
0,planning come chennai
1,tried contact reply offer video phone number anytime network mins half price line rental camcorder reply call number
0,god created gap btwn ur fingers dat sum number vry special fill gaps holding ur hands plz dont ask created much gap legs
0,okay going sleep later
0,finally happened aftr decades beer cheaper petrol goverment expects us drink drive
1,number xmas reward waiting computer randomly picked loyal mobile customers receive number reward call number
0,r e meeting tmr
0,lol yes add spice day
0,prasanth ettans mother passed away last night pray family
0,k work something
1,private number account statement shows number un redeemed points call number identifier code number expires number number number
0,message great doctor india number drink appy fizz contains cancer causing age
0,call tell infront call
0,ok prob
0,ladies first genus second k
0,yes please swimming
0,mum going robinson already
0,ok set let u noe e details later
0,tel software name
0,send print outs da
0,im realy soz imat mums number nite number moro
0,born god said oh another idiot born
0,didnt get ur full msg sometext missing send
0,probably almost gas get cash tomorrow
1,customer service announcement recently tried make delivery unable please call number schedule ref number
0,forgot number ask smth card da present lei want number write smth sign
0,leaving house
1,hi babe chloe r u smashed saturday night great weekend u missing sp visionsms com text stop stop number p text
0,ready call
0,wewa number iriver number number mb
0,good thing getting connection bw
0,sry da jst nw came home
0,cool night lemme know around
0,staying town
0,haha yeah number oz kind shitload
0,ok u take shopping u get paid
0,alright bring see like lt gt mins
0,pls dont play others life
0,eatin lunch
0,hmmm give one day
0,try g decided head
0,ok prob
0,surly ill give coming review
0,march ending ready call sure problem capital never complete far work ladies
0,pls give food preferably pap slowly loads sugar take hour give water slowly
1,urgent mobile number awarded number number bonus caller prize number number number number nd attempt contact call number number number box number qu
0,guy gets used dumb realize
0,okey dokey bit sorting stuff
0,yes fine
0,liked new mobile
0,anytime
0,mmmmmmm snuggles deep contented sigh whispers fucking love much barely stand
0,yar say got error
0,hey anyway
0,wow healthy old airport rd lor cant thk anything else b bathing dog later
0,wif family booking tour package
0,say bold torch later one torch number bold
0,haha awesome might need take doin tonight
0,ya knw u vl giv ok thanks kano anyway enjoy wit ur family wit number st salary
0,huh slow tot u reach long ago liao u number days number leh
0,thats cool princess cover face hot sticky cum
0,big brother really scraped barrel shower social misfits
0,oops thk dun haf enuff go check tell
0,number min go lunch
0,hey happened u switch ur cell whole day isnt good u care give call tomorrow
0,k addie amp art get home
0,aiyo lesson early still sleepin haha okie u go home liao den confirm w lor
0,forgot tell smth like number sections clearer
0,yup anything lor u dun wan ok
0,home love still awake loving kiss
0,hello peach cake tasts lush
1,free game get rayman golf number free number games arcade number st get ur games settings reply post save activ number press number key arcade termsapply
0,minor shindig place later tonight interested
0,jason says cool pick place like hour
1,mobile number mths update latest camera video phones free keep ur number get extra free mins texts text yes call
0,career tel added u contact indyarocks com send free sms remove phonebook sms lt gt
0,reached already
0,dont know ask brother nothing problem thing told
0,k eng rocking ashes
0,wat time r going xin hostel
0,good morning dear shijutta great amp successful day
0,oh k placement ah
0,possession especially first offense
0,nt driving even many reasons called bbd thts chikku hw abt dvg cold heard tht vinobanagar violence hw condition hw ru problem
0,bought test yesterday something lets know exact day u ovulate get number u number number wks pls pls dont fret know u r worried pls relax also anything ur past history u need tell
0,pizza u want
0,keep seeing weird shit bein woah realising actually reasonable oh
0,many happy returns day wish happy birthday
0,thinking u x
0,orh tot u say still dun believe
0,put sign choose number pin show right
0,beauty life next second hides thousands secrets wish every second wonderful ur life gud n number
0,thanx u darlin im cool thanx bday drinks number nite number morrow take care c u soon xxx
0,still maybe leave credit card get gas get back like told
1,weekly cool mob tones ready download weeks new tones include number crazy frog axel f number akon lonely number black eyed dont p info n
0,well boy glad g wasted night applebees nothing
1,cashbin co uk get lots cash weekend url dear welcome weekend got biggest best ever cash give away
0,ok lor u wan go look number u
0,u wan number haf lunch da canteen
0,make life stressfull always find time laugh may add years life surely adds life ur years gud ni number swt dreams
0,hey looks like wrong one kappa guys numbers still phone want text see around
1,thanks number continued support question week enter u number draw number number cash name new us president txt ans number
0,home doc gave pain meds says everything fine
0,number ard rest ard number least price number number bedrm number
0,lovely night xxx
0,prepare pleasured
0,hi technical support providing assistance us customer call email
0,text way cup stop work bus
0,whens radio show
1,unique user id number removal send stop number customer services number
0,sure still available though
0,watever relation u built dis world thing remains atlast iz lonlines lotz n lot memories feeling
0,cheers lou yeah goodnite shame u neva came c ya gailxx
0,hi got money da
0,ok u tell wat time u coming later lor
0,u repeat e instructions wat e road name ur house
0,quite lor dun tell wait get complacent
0,sorry completely forgot pop em round week still
0,u r beautiful girl ive ever seen u r baby come c common room
0,cant see join denis mina denis want alone time
0,sen told going join uncle finance cbe
0,yup hey one day fri ask miwa jiayin take leave go karaoke
0,call senthil hsbc
0,especially since talk boston personal statement lol woulda changed realized said nyc says boston
0,indeed way either
1,urgent call number landline complimentary number ibiza holiday number number cash await collection sae cs po box number sk number wp number ppm number
0,holy living christ taking long
0,thk wat eat tonight
0,thanx yup coming back sun finish dinner going back number hotel time flies tog number exactly mth today hope haf many mths come
0,opposite side dropped
0,yup izzit still raining heavily cos e mrt c outside
0,send resume
0,gd luck number ur exams
0,u ask next sat make ok lor
0,sorry uncle keep touch
0,saw guys dolls last night patrick swayze great
1,urgent number nd attempt contact u number prize yesterday still awaiting collection claim call number
1,santa calling would little ones like call santa xmas eve call number book time calls number number ppm last number mins number c url
0,come home want u miserable
0,dont know getting messages
0,cool tyler take gonna buy drop place later tonight total order quarter got enough
0,guy car shop flirting got phone number paperwork called texted nervous course may address call boss tell knowing may get fired
0,plan manage
0,er hello things quite go plan limping slowly home followed aa exhaust hanging
0,sorry delay yes masters
0,call u finish come n pick u
1,private number account statement number number shows number unredeemed bonus points claim call number identifier code number expires number number number
0,oga left phone home saw ur messages hope good great weekend
0,worry though understand important put place poorly thought punishment face worst thing ever happened brb gonna go kill
0,honey pls find much sell predicte nigeria many times used important reply monday
0,e admin building might b slightly earlier call u reaching
0,fyi usf swing room whenever
0,call lt gt min thats ok
0,home work meh
0,anything valuable number situations first getting second loosing
0,mark taking forever pick prescription pain coming back
0,ur paper
0,got smaller capacity one quite ex
1,check choose babe videos sms shsex netun fgkslpopw fgkslpo
0,im good thinking
1,u r winner u ave specially selected number receive number cash number holiday flights inc speak live operator number claim number p min number
0,
0,thought bout drink tap spile seven pub gas st broad st canal ok
0,going sleep tired travel
0,haha thinkin
0,yup giving problems mayb jus leave
0,lol trying make day little interesting
0,long get reply defer admission til next semester
0,word checkmate chess comes persian phrase shah maat means king dead goodmorning good day
0,po de need job aha
0,rats hey u ever vote next themes
1,new mobiles number must go txt nokia number collect today number url number optout number number gbp mtmsg number txtauction
0,hope pee burns tonite
0,oh rite well im best mate pete went number week number geva longer week
0,yay wait party together
0,photoshop makes computer shut
0,boys made fun today ok problem sent one message fun
0,one issues california okay snow manageable
1,private number account statement shows number un redeemed points call number identifier code number expires number number number
0,hmmm mayb try e shoppin area one forgot e name hotel
0,awesome gonna soon later tonight
0,need details online job
1,valued vodafone customer computer picked win number prize collect easy call number
0,missing pray inshah allah
0,pls help tell ashley cant find number oh
0,increase chance winning
0,either way works lt gt years old hope doesnt bother
0,maybe find something else instead
0,gain rights wife dont demand trying husband lets see
0,liked new house
0,fine hope also
0,also north carolina texas atm would go gre site pay test results sent
0,u
0,yes baby need stretch open pussy
0,thanks bomb date phone wanted say
0,hey guy know breathing neck get bud anyway able get half track usf tonight
0,response one powerful weapon number occupy place others heart
0,nokia phone lovly
1,free message thanks using auction subscription service number number p msgrcvd number skip auction txt number unsubscribe txt stop customercare number
0,sorry da today wont come play driving clas
0,really sorry lit hair fire
0,oh shit thought trip loooooool makes much sense grins sofa reference sleep couch link sent went trip oh babe go celebration rents
0,okey dokey swashbuckling stuff oh
0,number tension face number smiling face number waste face number innocent face number terror face number cruel face number romantic face number lovable face number decent face lt gt joker face
0,dip cell dead coming u better respond else shall come back
0,well know mean texting
0,hi dis yijue would happy work wif gek number
0,lol oops sorry fun
0,wat happened cruise thing
0,know dat feelin pete wuld get em nuther place nuther time mayb
1,lyricalladie number f inviting friend reply yes number number see url stop send stop frnd number
0,world happiest frnds never characters dey best understanding differences
0,yeah open chat click friend lists make list easy pie
0,alright tyler got minor crisis home sooner thought asap
0,pick
0,usual u call ard number smth
0,many things antibiotic used chest abdomen gynae infections even bone infections
0,poor girl go one day lmao
0,number times
0,pls make note exposed also find school anyone else vomiting dog cat house let know later
0,sounds like could lot time spent chastity device boy grins take beatings like good dog going lounge nice long bath
0,worse uses half way stops better complete
0,miserable tell u side effects birth control massive gut wrenching cramps first number months sleep last night
0,send new number
1,want latest video handset number anytime network mins half price line rental reply call number delivery tomorrow
0,number half years missed friendship
0,oh fuck sake like tallahassee
0,haha first person gonna ask
1,ou guaranteed latest nokia phone number gb ipod mp number player number prize txt word collect number ibhltd ldnw number h number p mtmsgrcvd number
0,taka lor wat time u wan number come n look number us
1,free polyphonic ringtone text super number get free poly tone week number sn pobox number nr number zs subscription number pw
0,reaching another number stops
0,mean post wrote like many times ritten stuff let sit feeling time angry left hit send stop checked phone got car said sleep bored time clean fold laundry etc least make bed
1,warner village number c colin farrell swat wkend warner village get number free med popcorn show email number number number c c kiosk reply sony number mre film offers
0,come online today night
0,anything special
0,solihull want anything
0,good day
0,regret inform u nhs made mistake u never actually born please report number yor local hospital number b terminated r sorry number inconvenience
0,love holiday monday feeling even go dentists hour
0,way tirupur
1,goal arsenal number henry number v liverpool number henry scores simple shot number yards pass bergkamp give arsenal number goal margin number mins
0,already got flaky parent snot supposed child job support parent ride age anyway supposed support hurt unintentional hurt nonetheless
0,took hooch walk toaday fell splat grazed knees everything stayed home see tomorrow
0,dropped em omw back
0,sitting mu waiting everyone get suite take shower
0,call see facebook huh
0,g says never answer texts confirm deny
0,common hearin r u wat r u ur day let ask u something different u smile today gud evng
0,oh yah never cancel leh haha
0,go number e normal pilates intro
0,ok let u noe leave house
0,oh yes like torture watching england
0,wanna art
0,hopeing pissed remember gone sisters something
1,hi sexychat girls waiting text text great night chatting send stop stop service
0,good morning boytoy yummy lips sexy buns think crave need
0,match started india lt gt number
0,free call sir
0,hey want anything buy
0,hey babe going ever figure going new years
0,k k congratulation
0,g wants know fuck
0,cancelled yeah baby well sounds important understand darlin give ring later fone love kate x
0,tomarrow want got court lt decimal gt come bus stand number
0,go home liao ask dad pick number
0,omg make wedding chapel frontierville get good stuff
0,eatin lor goin back work soon e mountain deer show huh watch b number liao nice
0,check mail mailed varma kept copy regarding membership take care insha allah
0,wrong phone phone answer one assume people well
0,anyway think secure anything lemme know want drive south chill
0,already back home probably
1,hi amy sending free phone number couple days give access adult parties
0,bus way calicut
0,hi probably much fun get message thought id txt u cos im bored james farting night
0,hi baby im sat bloody bus mo wont home number number wanna somethin later call later ortxt back jess xx
1,welcome select number service added benefits call specially trained advisors free mobile dialling number
0,lost number pounds since doc visit last week woot woot gonna celebrate stuffing face
0,u coming back number dinner rite dad ask confirm wif u
0,masters buy bb cos sale bf
0,ahhhh woken bad dream u tho dont like u right didnt know anything comedy night guess im
0,vivek got call number
0,u call lunch
0,mean left early check cos working number number
0,want lt gt rs da
0,want see pretty pussy
1,dear voucher holder next meal us use following link pc number enjoy number dining experienceurl
0,people game mall iouri kaila
1,urgent trying contact u todays draw shows number prize guaranteed call number land line claim number valid number hrs
1,donate number number unicef asian tsunami disaster support fund texting donate number number number added next bill
0,future planned tomorrow result today best present enjoy future
0,cme want go hos number morow wil cme got dear didnt say time
0,supposed meet discuss abt trip thought xuhui told afternoon thought go lesson
0,hey come online use msn
0,fine hope good take care
0,oops shower u called hey parking garage collapsed university hospital see crazy stuff like happen
0,aiyo u poor thing u dun wan number eat u bathe already
0,yar tot u knew dis would happen long ago already
0,gorgeous keep pix cumming thank
0,jade paul u txt u remember barmed want number talk number u txt
0,spending new years brother family lets plan meet next week ready spoiled
0,u today
0,said okay sorry
0,slept thinkthis time lt gt pm dangerous
0,networking job
1,goldviking number inviting friend reply yes number number see url stop send stop frnd number
0,dont let studying stress l number r
0,u haf number keep busy
0,rushing working school rush go hungry
0,channel
0,telling coulda real valentine u never pick nothing
1,phony number award todays voda numbers ending xxxx selected receive number award match please call number quoting claim code number standard rates app
0,made eta taunton number number planned hope still okday good see xx
0,hungry buy smth home
0,hey kate
0,drive read need write
0,looked addie goes back monday sucks
0,happy new year hope good semester
0,esplanade lor else
0,talk
0,hmph go head big baller
0,well like actually called someone punto woulda worse
0,nope since ayo travelled forgotten guy
0,still around looking pick later
1,cds number u congratulations ur awarded number cd gift vouchers number gift guaranteed freeentry number number wkly draw xt music number tncs url
0,someone year lt gt toyota camry like mr olayiwola mileage lt gt k clean need know much sell raise dough soon landing sell holla back
0,guess pub im im happy pig clover whatever saying
0,ill b soon
0,oh k come tomorrow
0,go fool dont cheat others ok
0,mobile number pls sms ur mail id convey regards achan amma rakhesh qatar
0,way rencontre meet mountains dont
1,guaranteed number cash number prize claim yr prize call customer service representative number number number pm cost number p
0,u attend ur driving lesson many times wk n day
0,uncle g checking rewarding month
0,hello boytoy geeee missing today like send tm remind thinking loved loving kiss
0,think two still need get cash def ready number
0,hey gals u wanna meet number dinner n te
1,dear number xxxxxxx u invited xchat final attempt contact u txt chat number p msgrcvdhg suite number number lands row w number j number hl ldn number yrs
0,babe talking think good boy missing love
0,great office today
0,cool last little getting time soon
0,sad puppy noise
0,yes possible dint try pls dont tell one k
0,anyway holla whenever around need excuse go creep people sarasota
0,happen
0,gonna ask lol think number
1,ur cash balance currently number pounds maximize ur cash send go number number p meg cc number hg suite number number lands row w number j number hl
1,private number account statement shows number un redeemed points call number identifier code number xx number expires number number number
0,go chase run crossing street
1,like tell deepest darkest fantasies call number number p min stop texts call number nat rate
0,hey inconvenient sis huh
0,ok vl u know got adsense approved
0,really good see day dudette missing
0,want go perumbavoor
0,many times told stage use laugh listen aha
0,hear
0,thanks talk saturday dear cherish brother role model
0,pls clarify back open return ticket preponed go back kerala
1,natalie number f inviting friend reply yes number number see url stop send stop frnd number
0,ran younger man make pretty babies together
1,jamster get free wallpaper text heart number c apply number need help call number
0,ic lol play number doors sometime yo
0,dunno dad said coming home number bring us number lunch yup go w u lor call u reach school lor
0,desires u going doctor number liver get bit stylish get ur hair managed thats
0,hmmm still dont opener
0,yeah basically time next week get away mom amp get number
0,vote wherever heart guides
0,sis lor juz watched italian job
0,tick tick tick could die loneliness know pouts stomps feet need
0,lmao know well
0,train back northampton afraid staying skyving today ho ho around wednesday though fancy comedy club week way
0,goodnight da thangam really miss u dear
0,hey next sun number basic yoga course bugis go pilates intro next sat tell time r free
0,geeeee internet really bad today eh
1,free video camera phones half price line rental number mths number cross ntwk mins number txts call mobileupd number call number optout number
0,think disturbing da
0,sorry call later meeting sir
0,havent stuck orchard dad car going number dinner u leh r free tonight
0,ok also wan number watch e number pm show
0,dunno lei like dun haf
0,brother transfered lt gt lt gt pa
0,calls later afternoon onwords mtnl service get problem south mumbai hear cann listen
1,number number uk break accommodationvouchers terms conditions apply number claim mustprovide claim number number
0,talk g x
0,hai dear friends new amp present number rajitha raj ranju
1,number p number alfie moon children need song ur mob tell ur number txt tone charity number nokias poly charity polys zed number profit number charity
0,different styles
1,win number shopping spree every week starting number play text store number skilgme tscs number winawk age number number number perweeksub
0,gud ni number dear slp well take care swt dreams muah
1,number nd attempt contract u weeks top prize either number cash number prize call number
0,well glad find totally disagreeable lol
0,guy flash go call call madam take care oh
1,want new nokia number colour phone deliveredtomorrow number free minutes mobile number free texts free camcorder reply call number
0,mark works tomorrow gets number work house meet u afterwards
0,keep ur problems ur heart
0,yeah give call got minute
0,hi babe uawake feellikw shit justfound via aletter thatmum gotmarried number thnov behind ourbacks fuckinnice selfish
0,amazing rearrange letters gives meaning dormitory dirty room astronomer moon starer eyes see election results lies lets recount mother law woman hitler eleven plus two twelve plus one amazing
0,aiya discuss later lar pick number
0,hey happy birthday
0,sorry missed call please call back
0,omg one thing another cat worms bad day end
0,good morning im suffering fever dysentry able come office today
0,wont anything de
0,type stuff sing
0,st andre virgil cream
0,fri ah okie lor goin number drivin den go shoppin tt
0,gokila talking aha
0,hi shanil rakhesh thanks exchanged uncut diamond stuff leaving back excellent service dino prem
0,k k month kotees birthday know
0,really really broke oh amount small even lt gt
0,sorry mates phone didnt write love kate
1,themob hit link get premium pink panther game new number sugababes crazy zebra animation badass hoody wallpaper number free
0,ah well confuses things doesnt thought friends maybe wrong thing already sort invited tho may come cos money
0,aight call close
0,nope thats fine might nap tho
1,msg mobile content order resent previous attempt failed due network error queries email
0,news hassling get weed week andres money haughaighgtujhyguj
0,ding ya break fassyole blacko londn
0,really need number kiss u miss u baby ur baby number eva
0,oh got many responsibilities
1,number new message please call number
0,reached sch already
1,december mobile number mths entitled update latest colour camera mobile free call mobile update vco free number
0,u definitely need module e humanities dis sem izzit u wan number take modules number st
0,argh fuck nobody town
1,get number lions england tone reply lionm number mono lionp number poly number go number url original n best tones number gbp network operator rates apply
0,thanks fills complete calm reassurance
0,aslamalaikkum insha allah tohar beeen muht albi mufti mahfuuz meaning
0,driving training
0,lol real told dad cancer
1,private number account statement number
0,oops lt gt
0,enufcredeit tocall shall ileave uni number get bus yor house
0,hi chikku send nice msgs
0,impossible argue always treats like sub like never released remind necessary
0,work ah den number plus lor u workin oso rite den go orchard lor place go liao
0,wonderful okors great month cherish guys wish well day mojibiola
0,cuz ibored wanna study
0,wot wed nite number til number
0,way
0,sucks go u hair free right
0,still working time also tried adding zeros savings checking lt gt
0,hmm dunno leh mayb bag number goigng dat small jus anything except perfume smth dat keep
0,sday joined training started today
0,sorry grocers
0,nice pubs near frankie n bennys near warner cinema
1,number costa del sol holiday number await collection call number toclaim sae tc pobox number stockport sk number xh cost number number pm max number mins
0,yup havent want go yoga call book
0,oh shut omg yesterday dream number kids boys pissed kids boys even told mark dream changing diapers cause getting owed face
0,yeah imagine would really gentle unlike docs treat patients like turkeys
0,started dont stop pray good ideas anything see help guys forward link
0,hi darlin im helens fone im gonna b princes number nite please come tb love kate
0,office da
0,aiyar u poor thing give u support k jia think u
0,oh unintentionally bad timing great fingers trains play along give fifteen min warning
1,get garden ready summer free selection summer bulbs seeds worth number number scotsman saturday stop go number notxt co uk
0,k come wenever u lik come also tel vikky come getting free time
0,pls call da happen
0,happy new year u ur family may new year bring happiness stability tranquility ur vibrant colourful life
0,problem renewal right away dont know details
0,idk sitting stop shop parking lot right bawling eyes feel like failure everything nobody wants feel like failing
0,left yet probably gonna til dinner
0,like lt gt question
0,new years eve ok went party boyfriend si hey
0,sir need velusamy sir date birth company bank facilities details
0,k k sms chat
0,come karnan car please wait till number pm directly goto doctor
0,bluray player
0,ok r meeting later
0,lol need cash nitros hurry come crash
0,send text skype later
0,ok leave need ask
0,still got lessons sch
0,dun believe leh tot told true already thk muz c us tog believe
0,oh charge camera
0,got salt rub open wounds like
0,going lunch
0,school n da lab stuff give call r done
0,aight text tonight see
0,u number
0,water logging desert geoenvironmental implications
0,strange watching number nd one bed sweet dreams miss u
1,sms auction brand new nokia number number auction today auction free number join take part txt nokia number
0,hi hope u r ok said would text u seen let gently please
0,babe fucking love know fuck good hear voice need crave get enough adore ahmad kisses
0,k sure relatives home sms de pls
0,fuuuuck need stop sleepin sup
0,town jus take mrt later
0,cooked rather nice salmon la
0,uploaded mine facebook
0,time u wrkin
1,ree entry number weekly comp chance win ipod txt pod number get entry std txt rate c apply number details number
1,records indicate u maybe entitled number pounds compensation accident claim number free reply claim msg number stop txt stop
0,oh oh den muz change plan liao go back yan jiu
0,wylie tampa sarasota
0,ok take ur time n enjoy ur dinner
0,darren saying dat u meeting da ge den dun meet number dinner cos later u leave xy feel awkward den u meet number lunch lor
1,spook mob halloween collection logo pic message plus free eerie tone txt card spook number zed number p per logo pic
0,like cheap happy splash wine makes feel better
0,fine difficulties phone works mine pls send another friend request
0,ugh leg hurts musta overdid mon
1,call germany number pence per minute call fixed line via access number prepayment direct access url
0,wot student discount u get books
0,come get b quite diff guess rite
1,mobile number mths update free oranges latest colour camera mobiles unlimited weekend calls call mobile upd number freefone number number stoptxt
0,babe answering see maybe better reboot ym got photo great
0,hi think match
0,know thinkin malaria relax children cant handle malaria would worse gastroenteritis takes enough replace loss temp reduce give malaria meds vomit self limiting illness means days completely stop
0,dai downloaded exe file run exe installing
0,yesterday true true
0,k k business
0,number pa selected
0,well thats nice bad cant eat
0,accidentally brought em home box
0,pls needs dat slowly vomit
0,take exam march number
0,jane babes goin number wrk feel ill lst nite foned already cover number chuck
0,number nights nt staying port step liao ex
0,die want u stuffs
0,oh fuck juswoke bed boatin docks slept wid number year old spinout giv u da gossip l number r xxx
0,met alex nichols middle school turns dealing
1,private number account statement fone shows number un redeemed points call number identifier code number expires number number number
0,means u could keep ur words
0,nope still market
0,realise busy guy trying bother get exams outta way try cars gr number day
0,hey project started aha da
0,ok cool see ya
0,uworld site buying qbank buying self assessment also
1,someonone know trying contact via dating service find could call mobile landline number box number sk number ch
0,yeah still give ride
0,jay wants work first number sound
0,gud gud k chikku tke care sleep well gud nyt
0,hmm thinking lor
0,course tease know simply must see grins keep posted prey loving smile devouring kiss
0,thanks temales wonderful thank great week
0,thank princess want see nice juicy booty
0,eaten day sitting staring juicy pizza eat meds ruining life
0,u come n search tat vid finishd
0,k leaving soon little number
1,urgent please call number landline number cash number holiday await collection cs sae po box number number xy number
0,yeah work fine started last week stuff dull easy guys fun
0,studies alone without anyones help cant need study
0,please tell car keys purse
0,didnt get anything da
0,ok sweet dreams
0,well big surprise
0,number cbe number chennai
0,help u swoop picking u wherever ur birds r meeting u want
0,anyone calls treadmill say buy make sure working found ad craigslist selling lt gt
0,absolutely love south park recently started watching office
0,see film
0,pls speak wont ask anything friendship
0,gud ni number swt drms take care
0,hi darlin kate u doin somethin tonight im going pub called swan something parents one drink phone u
0,anything lar going home number dinner
0,er
1,prize go another customer c url number number p min polo ltd suite number london w number j number hl please call back busy
0,u fix teeth asap ok take care
0,u wan number come dinner tonight
0,hello u u number u b moving flat cos need arrange pick lamp etc take care hello caroline
0,late k wish
0,hi hope ur day good back walk table booked half eight let know ur coming
0,oh yeah clearly fault
0,dunno leh cant remember mayb lor wat time r meeting tmr
0,best msg hard person u know one step foward make u fall love amp one step back ruin ur friendship good night
1,urgent mobile number awarded number prize guaranteed call number land line claim number valid number hrs number ppm
0,vikky come around lt time gt
0,princess
0,gone get info bt dont know
0,yeah probably
0,still pretty weak today bad day
0,hey forget mine possession property mmm childish smile
0,excellent thought misundrstud frnd knw u hate bt day wen u knw truth u hate urself gn
0,hey congrats number u number id luv number ive number go home
0,dear call
0,xy trying smth u eat already havent
1,urgent please call number landline number cash luxury number canary islands holiday await collection cs sae po box number number xy number ppm number
0,donno genes something
1,xmas iscoming ur awarded either number cd gift vouchers free entry number r number weekly draw txt music number tnc url
0,alex says ok ok
0,u coming funeral home
0,darling sister school resuming minimum wait period reapply take care
0,hand phone chat wit u
0,well good morning mr hows london treatin ya treacle
0,make tonight
0,lt gt bucks banks fees fixed better call bank find
0,tell quite long cos finish film yet
0,pls ask macho much budget bb bold number cos saw new one lt gt dollars
0,hi missed call mumhas beendropping red wine theplace adress
0,ill number mins look
0,leave
0,coming back thursday yay gonna ok get money cheers oh yeah everything alright hows school call work
0,jolly good way give u tickets sat eve number number speak x
0,yeah thinking
0,k k going tirunelvali week see uncle already spend amount taking dress want money give feb number
0,got ur favorite oyster n got favorite sashimi ok lar dun say already wait ur stomach start rumbling
0,sister going earn da
0,jus finish watching tv u
0,k fyi back parents place south tampa might need deal somewhere else
0,good morning love go sleep wish great day full feeling better opportunity last thought babe love kiss
0,kothi print marandratha
0,havent got da topic yet rite
0,ok problem yup going sch number rem correctly
0,thanks keep mind
0,aah bless arm
0,dear sir salam alaikkum pride pleasure meeting today tea shop pleased send contact number qatar rakhesh indian pls save number respectful regards
0,gal n boy walking park gal hold ur hand boy u think would run away gal jst wana c feels walking heaven prince gn
0,makes happy
0,wishing wonderful week
0,sweet heart
0,sir waiting letter
0,dude im longer pisces im aquarius
0,x course number yrs messages messenger lik r sending
0,think steyn surely get one wicket
0,neither sterm voice studying fine sure thing resolved tho anyway fab hols
0,garbage bags eggs jam bread hannaford wheat chex
0,pride almost lt gt years old takin money kid supposed deal stuff grownup stuff tell
0,sounds better evening im costume im sure time finish tomorrow txt end
0,birthday feb lt gt da
0,wanna gym
0,like jerk
0,u awake snow
0,course make stink
1,u r subscribed number textcomp number wkly comp number st wk free question follows subsequent wks email unsubscribe txt stop number custcare number
0,go openings room til thanksgiving without upcharge
0,guys planning coming
0,wat
0,sir number hr trip bus last week another audition next wednesday think might drive time
0,thought put back box
0,home
0,one interested may business plan
0,yup paragon havent decided whether number cut yet hee
0,good morning princess great day
0,guai shd haf seen naughty free today go jogging
0,aiyo cos sms neva reply wait number reply lar tot havent finish ur lab wat
0,living simple loving also simple laughing simple winning tooo simple simple difficult
0,tell something thats okay
0,hmm shall bring bottle wine keep us amused joking still bring bottle red white see tomorrow
0,ur face test number lt gt select number tell ur face astrology waiting quick reply
0,hey iouri gave number wylie ryan friend
0,yep get program slacking
0,inside office still filling forms know leave
0,think mentor number percent sure
1,call number send girls erotic ecstacy number p min stop texts call number nat rate
1,number xmas reward waiting computer randomly picked loyal mobile customers receive number reward call number
0,trying figure suppose see couple different people week said get together set dates
1,important message final contact attempt important messages waiting customer claims dept expires number number number call number
0,hi mom might back later lt gt
1,dating two started sent text talk sport radio last week connection think coincidence
0,lol oh got friend dog
0,ok problem u frm wats matter
0,k head mins see
0,want leave barely stay sane fighting constantly helping
1,current leading bid number pause auction send customer care number
1,free entry gr number prizes wkly comp number chance win latest nokia number psp number cash every wk txt great number url number
0,somebody set website play hold em using eve online spacebucks
0,sunny california weather cool
1,number new message call number number number
0,make squeezed lt gt bucks dad
0,good day pray remove teeth painful maintaining stuff
0,babes hope ok shit nights sleep fell asleep number knackered dreading work tonight thou upto tonight x
0,friends help us problems give stupid suggestion lands us another problem helps us forgt previous problem
0,gentle baby soon taking lt gt inches deep inside tight pussy
0,much fights good nite
0,nt joking seriously told
0,watching ajith film ah
0,ooooooh forgot tell u get yoville phone
0,done handed know mega shop asda counts celebration thats
0,dont know exactly could ask chechi
0,dunno lei shd b driving lor cos go sch number hr oni
0,want custom officer discount oh
0,necessarily respectful
0,hi hope good day better night
0,apparently bffs carly quick
0,hard true much show amp express love someone much hurt leave get seperated ud evening
0,babes think got ur brolly left english wil bring number mrw number u luv franxx
0,hi babe thanks coming even though didnt go well wanted bed hope see soon love kisses xxx
0,gd got free ice cream oso wan
0,pls give prometazine syrup number mls lt gt mins later feed
0,many days since
0,dear angry busy dear
0,yup msg tat yijue tot group mate cos meeting today mah askin leaving earlier wat mah cos mayb haf walk v far
0,pub
0,first time everything
0,daddy shu shu looking number u u wan number tell u singapore wat
0,ask u meeting da ge tmr nite
0,gr number handle victoria island traffic plus album due
0,nite nite pocay wocay luv u n e thing number eva promise ring u number morrowxxxx
0,east coast
0,get chicken broth want ramen unless know
0,slave want take number number pictures today bright light cell phone bright light
0,nope forgot show next week
0,really masters
0,bruce amp fowler mom car park long story
0,dont know oh hopefully month
0,hi elaine today meeting confirmed
0,ok k sry knw number siva tats askd
0,u horrible gal u knew dat going wif yest n u still come n ask
0,oh yeah diet flew window
1,santa calling would little ones like call santa xmas eve call number book time
0,didnt complete gist oh
0,er yeah b number number sorry tell pub cafe sit come wen u
0,make time tonight whenever cool text whenever around
0,paying attention
0,thanx lot number ur help
0,gonna way specific
0,jesus armand really trying tell everybody find
0,wif buying tix lar
0,mode men left
0,slow using biola fne
0,youdoing later sar xxx
0,hey booked number lessons sun liao
0,thank generally date brothas
0,way make sure u get train worc foregate street shrub hill fun night x
0,thought get watch cos thats kind thing u get number number th loves much
1,guaranteed number award maybe even number cash claim ur award call free number number legitimat efreefone number wat u think
0,good morning repair shop reason hour
0,fine got enough bud last night least
0,back good journey let know need receipts shall tell like pendent
0,takes away money worries
0,aight pick open tonight
1,latest news police station toilet stolen cops nothing go
0,sac needs carry
0,sing hu think also important find someone female know place well preferably citizen also smart help navigate even things like choosing phone plan require guidance doubt ask especially girls
0,hello wats talks email address
0,except theres chick huge boobs
0,im wondering right
0,wishing beautiful day moment revealing even things keep smiling enjoy
1,sparkling shopping breaks number per person call number visit url
0,hear loud scream lt gt minutes cause gyno shoving things belong
0,ok thk got u wan number come wat
1,txt call number claim reward number hours talk time use phone subscribe number gbp mnth inc number hrs number stop txtstop url
0,u goin number nite
0,treasure every moment spend together
0,shall bring us bottle wine keep us amused joking bring one anyway
1,url widelive com index wml id number ad number number first true c c ringtone
1,urgent last weekend draw shows number cash spanish holiday call number claim c rstm sw number ss number ppm
0,thought slide enough
0,well obviously people cool college life went home
0,ok lor reaching message
0,mummy boy good bad positive negative mummy made wait hmmmm
0,dhoni luck win big title win
0,yes princess want please every night wish command
0,probably lt gt
0,really hope work doesnt get stressful gr number day
0,seen back holby
0,shall call dear food
1,urgent trying contact last weekends draw shows u number prize guaranteed call number claim code k number valid number hrs number p pm
0,li hai bored da lecturer repeating last weeks stuff waste time
0,picking various points going number yeovil motor project number hours u take home number number max easy
0,also fuck family going rhode island wherever fuck leaving alone week new bong gt
0,ofcourse also upload songs
1,number p per min call germany number bt line number p per min check planettalkinstant com info c text stop opt
0,oh thanks lot already bought number eggs
0,u studying sch going home anyway b going number sch later
1,marvel mobile play official ultimate spider man game number number ur mobile right text spider number game send u free number ball wallpaper
0,think rule tamilnadu tough people
0,cool shall go see go tip anyway home got something drop later lets go town tonight maybe mum take us
0,good afternoon love goes day sleep hope well boytoy think
0,yes trust u buy new stuff asap try
0,wake gt
0,get step number outta way congrats
0,love one law make happy person love way friendship one law never make ur friend feel alone alive gud night
1,private number account statement number shows number un redeemed points call number identifier code number expires number number number
0,apo mokka players
0,perhaps much easy give account identification tomorrow uni
0,wait msg lt gt min
0,told tell stupid hear wont tell anything dad called brother spoken
0,god love limit god grace measure god power boundaries may u god endless blessings always ur life gud ni number
0,want inside every night
0,machan go gym tomorrow wil come late goodnight
0,lol mad first woke gave
0,reassuring crazy world
0,making dinner
0,yes please leave lt gt lt gt leave
0,oh okie lor go sat
0,great role model giving much really wish day miracle god reason everything must say wish knew dont looked since young still great day
0,ya referin mei ex wat ah waitin number u treat somebody shld b rich liao gd den u dun work frm tmr onwards
0,miles smiles r made frm letters u know difference smile ur face keeps happy even though miles away u keep smiling good nyt
0,way put skip right outside front house see house pull
0,pls send company name saibaba colany
0,dont want hear anything
0,big chic common declare
0,thats cool want please
0,going join tomorrow
0,want tell bad feel basically times text lately need drugs
1,private number account statement shows number un redeemed points call number identifier code number expires number number number
0,total disappointment texted craziest shit got
0,effect irritation ignore
0,one
0,think tantrum finished yeah point
0,compliments away system side
0,happened adventuring
0,hey chief give bell get need talk royal visit number st june
0,ok another number
0,aiyah ok wat long got improve already wat
1,want explicit sex number secs ring number costs number p min gsex pobox number wc number n number xx
0,believe attached seeing every day know best get babe go teach class midnight
1,asked number mobile number chatlines inclu free mins india cust servs sed yes l number er got mega bill number dont giv shit bailiff due days number want number
0,yeah jus rite
0,armand says get ass epsilon
0,u still havent got urself jacket ah
0,taking derek amp taylor walmart back time done leave mouse desk text priscilla ready
0,hi durban still number
0,ic lotta childporn cars
1,contract mobile number mnths latest motorola nokia etc free double mins text orange tariffs text yes callback remove records
0,trying weekend v
0,know wot people wear shirts jumpers hat belt know r cribbs
0,cool time think get
0,wen get spiritual deep great
0,safe trip nigeria wish happiness soon company share moments
0,well keep mind got enough gas one round trip barring sudden influx cash
0,yeh indians nice tho kane bit shud go number drink sometime soon mite hav number go number da works number laugh soon love pete x x
0,yes u texted pshew missing much
0,meant calculation lt gt units lt gt school really expensive started practicing accent important decided number years dental school nmde exam
0,next lt gt hours imma flip shit
0,anything lor juz us lor
0,get dump heap mom decided come lowes boring
0,ok lor sony ericsson salesman ask shuhui say quite gd number use considering
0,ard number like dat lor
0,wait til least wednesday see get
0,huh lei
1,reminder number get number number pounds free call credit details great offers pls reply number text valid name house postcode
1,number nd time tried number contact u u number pound prize number claim easy call number number number p per minute bt national rate
0,b going esplanade fr home
0,pity mood suggestions
0,guy bitching acted like interested buying something else next week gave us free
0,rofl true name
1,otp number please share verify account
1,dear customer kyc pending update avoid account block
1,congratulations rs number number claim
1,work home earn number per day apply
1,received rs number enter upi pin accept
1,parcel hold pay rs number release
1,trouble please send rs number urgently
